# hostname;interval;timestamp;pgpgin/s;pgpgout/s;fault/s;majflt/s;pgfree/s;pgscank/s;pgscand/s;pgsteal/s;%vmeff
axle;59;1416267453;0.00;341.14;656938.89;0.00;82103.33;0.00;0.00;0.00;0.00
axle;60;1416267513;0.00;314.33;635733.84;0.00;100986.42;0.00;0.00;0.00;0.00
axle;59;1416267573;0.00;405.05;635265.43;0.00;97378.24;0.00;0.00;0.00;0.00
axle;60;1416267633;0.00;304.87;516500.74;0.00;86153.05;0.00;0.00;0.00;0.00
axle;60;1416267693;0.00;350.95;588719.68;0.00;71109.63;0.00;0.00;0.00;0.00
axle;59;1416267753;0.00;336.16;645650.40;0.00;89540.80;0.00;0.00;0.00;0.00
axle;59;1416267813;0.00;404.91;492343.81;0.00;91990.25;0.00;0.00;0.00;0.00
axle;60;1416267873;0.00;309.32;541566.64;0.00;65544.87;0.00;0.00;0.00;0.00
axle;60;1416267933;0.00;356.69;492527.29;0.00;49634.09;0.00;0.00;0.00;0.00
axle;60;1416267993;0.00;339.70;511424.43;0.00;88553.67;0.00;0.00;0.00;0.00
axle;59;1416268053;0.00;408.95;553630.01;0.00;94086.39;0.00;0.00;0.00;0.00
axle;60;1416268113;0.00;322.19;639027.53;0.00;90866.25;0.00;0.00;0.00;0.00
