ctime,schemaname,relname,seq_scan,seq_tup_read,idx_scan,idx_tup_fetch,n_tup_ins,n_tup_upd,n_tup_del,n_tup_hot_upd,n_live_tup,n_dead_tup,heap_blks_read,heap_blks_hit,idx_blks_read,idx_blks_hit,toast_blks_read,toast_blks_hit,tidx_blks_read,tidx_blks_hit
1416267394.01301,pg_catalog,pg_auth_members,0,0,0,0,0,0,0,0,0,0,0,0,0,0,,,,
1416267394.01301,pg_catalog,pg_operator,0,0,214511,902146,0,0,0,0,0,0,60449,590513,45735,436358,,,,
1416267394.01301,public,customer,12,13500000,83,1594461,1500000,0,0,0,1500000,0,181847,742067,4606,353,,,,
1416267394.01301,pg_catalog,pg_aggregate,0,0,14339,14339,0,0,0,0,0,0,4568,9771,9140,16519,,,,
1416267394.01301,pg_catalog,pg_pltemplate,0,0,0,0,0,0,0,0,0,0,0,0,0,0,,,,
1416267394.01301,public,supplier,14,800000,3315097,3411978,100000,0,0,0,100000,0,10921,3338494,823,6647556,,,,
1416267394.01301,pg_toast,pg_toast_12188,0,0,0,0,0,0,0,0,0,0,0,0,0,0,,,,
1416267394.01301,pg_catalog,pg_description,0,0,3549,0,0,0,0,0,0,0,0,0,1345,6518,0,0,0,0
1416267394.01301,pg_catalog,pg_language,0,0,0,0,0,0,0,0,0,0,0,0,0,0,,,,
1416267394.01301,pg_catalog,pg_ts_parser,0,0,0,0,0,0,0,0,0,0,0,0,0,0,,,,
1416267394.01301,pg_catalog,pg_shseclabel,0,0,0,0,0,0,0,0,0,0,0,0,0,0,,,,
1416267394.01301,pg_catalog,pg_foreign_table,0,0,0,0,0,0,0,0,0,0,0,0,0,0,,,,
1416267394.01301,information_schema,sql_packages,0,0,,,0,0,0,0,0,0,0,0,,,0,0,0,0
1416267394.01301,information_schema,sql_parts,0,0,,,0,0,0,0,0,0,0,0,,,0,0,0,0
1416267394.01301,pg_catalog,pg_attrdef,0,0,0,0,0,0,0,0,0,0,0,0,0,0,0,0,0,0
1416267394.01301,pg_catalog,pg_ts_template,0,0,0,0,0,0,0,0,0,0,0,0,0,0,,,,
1416267394.01301,pg_catalog,pg_foreign_server,0,0,0,0,0,0,0,0,0,0,0,0,0,0,,,,
1416267394.01301,public,partsupp,5,32000000,56353,10353641,8000000,0,0,0,8000000,0,828423,3322127,42093,155612,,,,
1416267394.01301,pg_catalog,pg_default_acl,0,0,3100,0,0,0,0,0,0,0,0,0,370,2730,,,,
1416267394.01301,pg_toast,pg_toast_12198,0,0,0,0,0,0,0,0,0,0,0,0,0,0,,,,
1416267394.01301,pg_toast,pg_toast_12208,0,0,0,0,0,0,0,0,0,0,0,0,0,0,,,,
1416267394.01301,pg_catalog,pg_attribute,3157,20951,913718,1776315,6038,210,5860,174,2425,471,93191,892332,43834,1850422,,,,
1416267394.01301,pg_catalog,pg_statistic,0,0,209253,157174,1389,3265,1326,2849,447,66,38701,128481,20822,430306,3425,10785,1854,10497
1416267394.01301,pg_toast,pg_toast_12203,0,0,0,0,0,0,0,0,0,0,0,0,0,0,,,,
1416267394.01301,pg_toast,pg_toast_2618,0,0,12190,39586,0,0,0,0,0,0,9419,11882,3660,14688,,,,
1416267394.01301,pg_toast,pg_toast_3596,0,0,0,0,0,0,0,0,0,0,0,0,0,0,,,,
1416267394.01301,pg_catalog,pg_depend,0,0,32747,35257,6034,0,5944,0,6294,538,6204,41130,10802,82889,,,,
1416267394.01301,information_schema,sql_languages,0,0,,,0,0,0,0,0,0,0,0,,,0,0,0,0
1416267394.01301,pg_catalog,pg_opclass,574,574,175766,1910554,0,0,0,0,0,0,13237,649548,25931,205373,,,,
1416267394.01301,pg_catalog,pg_proc,0,0,388693,571905,0,0,0,0,0,0,70486,376833,69254,791754,0,0,0,0
1416267394.01301,information_schema,sql_implementation_info,0,0,,,0,0,0,0,0,0,0,0,,,0,0,0,0
1416267394.01301,pg_catalog,pg_trigger,0,0,0,0,0,0,0,0,0,0,0,0,0,0,0,0,0,0
1416267394.01301,pg_catalog,pg_am,38865,38865,0,0,0,0,0,0,0,0,7768,31097,0,0,,,,
1416267394.01301,pg_catalog,pg_largeobject_metadata,0,0,0,0,0,0,0,0,0,0,0,0,0,0,,,,
1416267394.01301,pg_catalog,pg_ts_config_map,0,0,0,0,0,0,0,0,0,0,0,0,0,0,,,,
1416267394.01301,pg_catalog,pg_type,0,0,730441,724888,1528,0,1509,0,349,110,23440,708236,29305,1458793,,,,
1416267394.01301,pg_catalog,pg_shdepend,0,0,4354,804,0,0,0,0,0,0,371,433,1662,4234,,,,
1416267394.01301,information_schema,sql_sizing,0,0,,,0,0,0,0,0,0,0,0,,,0,0,0,0
1416267394.01301,public,orders,17,165105000,4715751,12699782,15015000,0,15000,0,15000000,15000,2066332,7466585,106950,14223429,,,,
1416267394.01301,pg_catalog,pg_conversion,0,0,0,0,0,0,0,0,0,0,0,0,0,0,,,,
1416267394.01301,pg_catalog,pg_foreign_data_wrapper,0,0,0,0,0,0,0,0,0,0,0,0,0,0,,,,
1416267394.01301,pg_catalog,pg_opfamily,0,0,0,0,0,0,0,0,0,0,0,0,0,0,,,,
1416267394.01301,pg_catalog,pg_shdescription,0,0,0,0,0,0,0,0,0,0,0,0,0,0,0,0,0,0
1416267394.01301,pg_catalog,pg_tablespace,2,4,28426,28426,0,0,0,0,0,0,6153,22275,12340,44512,,,,
1416267394.01301,pg_catalog,pg_inherits,0,0,765,0,0,0,0,0,0,0,0,0,379,386,,,,
1416267394.01301,pg_toast,pg_toast_2606,0,0,0,0,0,0,0,0,0,0,0,0,0,0,,,,
1416267394.01301,pg_toast,pg_toast_2964,0,0,0,0,0,0,0,0,0,0,0,0,0,0,,,,
1416267394.01301,pg_catalog,pg_database,9124,36016,169714,169712,1,0,0,0,1,0,8146,170691,36684,215272,,,,
1416267394.01301,pg_toast,pg_toast_2620,0,0,0,0,0,0,0,0,0,0,0,0,0,0,,,,
1416267394.01301,pg_toast,pg_toast_12213,0,0,0,0,0,0,0,0,0,0,0,0,0,0,,,,
1416267394.01301,pg_catalog,pg_amproc,574,1148,137149,203940,0,0,0,0,0,0,9735,125844,26564,285835,,,,
1416267394.01301,public,time_statistics,26,375,,,29,26,0,26,29,26,3,78,,,,,,
1416267394.01301,pg_catalog,pg_collation,0,0,0,0,0,0,0,0,0,0,0,0,0,0,,,,
1416267394.01301,pg_catalog,pg_constraint,0,0,328,160,168,0,160,0,10,48,94,927,170,1670,0,0,0,0
1416267394.01301,pg_catalog,pg_range,0,0,5102,0,0,0,0,0,0,0,0,0,6989,3215,,,,
1416267394.01301,pg_catalog,pg_user_mapping,0,0,0,0,0,0,0,0,0,0,0,0,0,0,,,,
1416267394.01301,pg_catalog,pg_largeobject,0,0,0,0,0,0,0,0,0,0,0,0,0,0,,,,
1416267394.01301,pg_catalog,pg_namespace,6437,174048,478750,443722,28,0,0,0,28,0,6752,443478,17413,501867,,,,
1416267394.01301,pg_catalog,pg_authid,3176,3176,70496,70496,0,0,0,0,0,0,6958,66714,25854,115138,,,,
1416267394.01301,pg_toast,pg_toast_12193,0,0,0,0,0,0,0,0,0,0,0,0,0,0,,,,
1416267394.01301,pg_catalog,pg_index,14136,1667494,304640,433036,764,0,736,0,138,40,29552,428250,28230,341151,,,,
1416267394.01301,pg_catalog,pg_ts_dict,0,0,0,0,0,0,0,0,0,0,0,0,0,0,,,,
1416267394.01301,information_schema,sql_features,0,0,,,0,0,0,0,0,0,0,0,,,0,0,0,0
1416267394.01301,pg_catalog,pg_class,36593,9106880,1387107,1343994,1539,379,1501,365,326,16,72575,1628569,60508,2776400,,,,
1416267394.01301,pg_toast,pg_toast_12183,0,0,0,0,0,0,0,0,0,0,0,0,0,0,,,,
1416267394.01301,public,lineitem,27,1080285489,825564,96972317,60045669,0,60340,0,59985140,60340,20537670,13327787,572462,4418110,,,,
1416267394.01301,information_schema,sql_sizing_profiles,0,0,,,0,0,0,0,0,0,0,0,,,0,0,0,0
1416267394.01301,pg_toast,pg_toast_2396,0,0,0,0,0,0,0,0,0,0,0,0,0,0,,,,
1416267394.01301,pg_catalog,pg_enum,0,0,0,0,0,0,0,0,0,0,0,0,0,0,,,,
1416267394.01301,pg_catalog,pg_db_role_setting,0,0,123480,0,0,0,0,0,0,0,0,0,7981,115499,0,0,0,0
1416267394.01301,pg_catalog,pg_seclabel,0,0,3549,0,0,0,0,0,0,0,0,0,414,3135,0,0,0,0
1416267394.01301,pg_toast,pg_toast_2609,0,0,0,0,0,0,0,0,0,0,0,0,0,0,,,,
1416267394.01301,public,nation,18,250,3315094,3315142,25,0,0,0,25,0,4,3315102,9,3315103,,,,
1416267394.01301,pg_toast,pg_toast_1255,0,0,0,0,0,0,0,0,0,0,0,0,0,0,,,,
1416267394.01301,public,part,10,16000000,80,2366465,2000000,0,0,0,2000000,0,182514,426457,7906,716,,,,
1416267394.01301,pg_catalog,pg_rewrite,0,0,23512,22375,379,0,379,0,106,50,10861,14501,4693,35555,9419,11882,3660,14688
1416267394.01301,pg_catalog,pg_ts_config,0,0,0,0,0,0,0,0,0,0,0,0,0,0,,,,
1416267394.01301,pg_catalog,pg_extension,0,0,0,0,0,0,0,0,0,0,0,0,0,0,,,,
1416267394.01301,pg_catalog,pg_amop,0,0,282857,393100,0,0,0,0,0,0,20675,372425,34964,577412,,,,
1416267394.01301,pg_catalog,pg_cast,0,0,896845,248842,0,0,0,0,0,0,8933,239909,11441,919512,,,,
1416267394.01301,public,region,6538,32665,16,16,5,0,0,0,5,0,4,6547,8,14,,,,
1416267394.01301,pg_toast,pg_toast_2619,0,0,8686,24822,785,0,534,0,261,18,3425,10785,1854,10497,,,,
1416267394.01301,pg_toast,pg_toast_2604,0,0,0,0,0,0,0,0,0,0,0,0,0,0,,,,
1416267454.01616,pg_catalog,pg_auth_members,0,0,0,0,0,0,0,0,0,0,0,0,0,0,,,,
1416267454.01616,pg_catalog,pg_operator,0,0,219537,921735,0,0,0,0,0,0,60451,604879,45736,447069,,,,
1416267454.01616,public,customer,51,18000000,456,2494654,1500000,0,0,0,1500000,0,217125,1248521,6268,2374,,,,
1416267454.01616,pg_catalog,pg_aggregate,0,0,14714,14714,0,0,0,0,0,0,4568,10146,9140,17172,,,,
1416267454.01616,pg_catalog,pg_pltemplate,0,0,0,0,0,0,0,0,0,0,0,0,0,0,,,,
1416267454.01616,public,supplier,63,900000,3364492,3510304,100000,0,0,0,100000,0,11226,3391020,1122,6746539,,,,
1416267454.01616,pg_toast,pg_toast_12188,0,0,0,0,0,0,0,0,0,0,0,0,0,0,,,,
1416267454.01616,pg_catalog,pg_description,0,0,3609,0,0,0,0,0,0,0,0,0,1353,6645,0,0,0,0
1416267454.01616,pg_catalog,pg_language,0,0,0,0,0,0,0,0,0,0,0,0,0,0,,,,
1416267454.01616,pg_catalog,pg_ts_parser,0,0,0,0,0,0,0,0,0,0,0,0,0,0,,,,
1416267454.01616,pg_catalog,pg_shseclabel,0,0,0,0,0,0,0,0,0,0,0,0,0,0,,,,
1416267454.01616,pg_catalog,pg_foreign_table,0,0,0,0,0,0,0,0,0,0,0,0,0,0,,,,
1416267454.01616,information_schema,sql_packages,0,0,,,0,0,0,0,0,0,0,0,,,0,0,0,0
1416267454.01616,information_schema,sql_parts,0,0,,,0,0,0,0,0,0,0,0,,,0,0,0,0
1416267454.01616,pg_catalog,pg_attrdef,0,0,0,0,0,0,0,0,0,0,0,0,0,0,0,0,0,0
1416267454.01616,pg_catalog,pg_ts_template,0,0,0,0,0,0,0,0,0,0,0,0,0,0,,,,
1416267454.01616,pg_catalog,pg_foreign_server,0,0,0,0,0,0,0,0,0,0,0,0,0,0,,,,
1416267454.01616,public,partsupp,18,40000000,56859,10354147,8000000,0,0,0,8000000,0,999385,3322629,42111,157209,,,,
1416267454.01616,pg_catalog,pg_default_acl,0,0,3160,0,0,0,0,0,0,0,0,0,371,2789,,,,
1416267454.01616,pg_toast,pg_toast_12198,0,0,0,0,0,0,0,0,0,0,0,0,0,0,,,,
1416267454.01616,pg_toast,pg_toast_12208,0,0,0,0,0,0,0,0,0,0,0,0,0,0,,,,
1416267454.01616,pg_catalog,pg_attribute,3168,21024,923716,1799178,6074,210,5896,174,2425,504,93233,902557,43838,1870932,,,,
1416267454.01616,pg_catalog,pg_statistic,0,0,212666,160531,1393,3322,1327,2905,450,122,38735,131875,20824,437448,3494,14879,1854,13608
1416267454.01616,pg_toast,pg_toast_12203,0,0,0,0,0,0,0,0,0,0,0,0,0,0,,,,
1416267454.01616,pg_toast,pg_toast_2618,0,0,12198,39612,0,0,0,0,0,0,9429,11886,3662,14698,,,,
1416267454.01616,pg_toast,pg_toast_3596,0,0,0,0,0,0,0,0,0,0,0,0,0,0,,,,
1416267454.01616,pg_catalog,pg_depend,0,0,33394,36009,6164,0,6074,0,6294,668,6226,42015,10843,84699,,,,
1416267454.01616,information_schema,sql_languages,0,0,,,0,0,0,0,0,0,0,0,,,0,0,0,0
1416267454.01616,pg_catalog,pg_opclass,576,576,179356,1952100,0,0,0,0,0,0,13237,664483,25931,209566,,,,
1416267454.01616,pg_catalog,pg_proc,0,0,393070,578942,0,0,0,0,0,0,70514,381653,69265,801264,0,0,0,0
1416267454.01616,information_schema,sql_implementation_info,0,0,,,0,0,0,0,0,0,0,0,,,0,0,0,0
1416267454.01616,pg_catalog,pg_trigger,0,0,0,0,0,0,0,0,0,0,0,0,0,0,0,0,0,0
1416267454.01616,pg_catalog,pg_am,39224,39224,0,0,0,0,0,0,0,0,7768,31456,0,0,,,,
1416267454.01616,pg_catalog,pg_largeobject_metadata,0,0,0,0,0,0,0,0,0,0,0,0,0,0,,,,
1416267454.01616,pg_catalog,pg_ts_config_map,0,0,0,0,0,0,0,0,0,0,0,0,0,0,,,,
1416267454.01616,pg_catalog,pg_type,0,0,738985,733302,1558,0,1539,0,349,6,23456,716802,29312,1476604,,,,
1416267454.01616,pg_catalog,pg_shdepend,0,0,4429,819,0,0,0,0,0,0,372,447,1670,4331,,,,
1416267454.01616,information_schema,sql_sizing,0,0,,,0,0,0,0,0,0,0,0,,,0,0,0,0
1416267454.01616,public,orders,92,210135000,4716133,24658692,15030000,0,30000,0,15000000,30000,2372308,8925872,130022,14369806,,,,
1416267454.01616,pg_catalog,pg_conversion,0,0,0,0,0,0,0,0,0,0,0,0,0,0,,,,
1416267454.01616,pg_catalog,pg_foreign_data_wrapper,0,0,0,0,0,0,0,0,0,0,0,0,0,0,,,,
1416267454.01616,pg_catalog,pg_opfamily,0,0,0,0,0,0,0,0,0,0,0,0,0,0,,,,
1416267454.01616,pg_catalog,pg_shdescription,0,0,0,0,0,0,0,0,0,0,0,0,0,0,0,0,0,0
1416267454.01616,pg_catalog,pg_tablespace,2,4,28733,28733,0,0,0,0,0,0,6153,22582,12340,45126,,,,
1416267454.01616,pg_catalog,pg_inherits,0,0,780,0,0,0,0,0,0,0,0,0,383,397,,,,
1416267454.01616,pg_toast,pg_toast_2606,0,0,0,0,0,0,0,0,0,0,0,0,0,0,,,,
1416267454.01616,pg_toast,pg_toast_2964,0,0,0,0,0,0,0,0,0,0,0,0,0,0,,,,
1416267454.01616,pg_catalog,pg_database,9128,36032,170841,170839,1,0,0,0,1,0,8146,171822,36684,217117,,,,
1416267454.01616,pg_toast,pg_toast_2620,0,0,0,0,0,0,0,0,0,0,0,0,0,0,,,,
1416267454.01616,pg_toast,pg_toast_12213,0,0,0,0,0,0,0,0,0,0,0,0,0,0,,,,
1416267454.01616,pg_catalog,pg_amproc,576,1152,139352,207265,0,0,0,0,0,0,9737,128043,26564,290599,,,,
1416267454.01616,public,time_statistics,45,1551,,,72,45,0,45,72,45,3,160,,,,,,
1416267454.01616,pg_catalog,pg_collation,0,0,0,0,0,0,0,0,0,0,0,0,0,0,,,,
1416267454.01616,pg_catalog,pg_constraint,0,0,328,160,168,0,160,0,10,48,94,927,170,1670,0,0,0,0
1416267454.01616,pg_catalog,pg_range,0,0,5135,0,0,0,0,0,0,0,0,0,6991,3279,,,,
1416267454.01616,pg_catalog,pg_user_mapping,0,0,0,0,0,0,0,0,0,0,0,0,0,0,,,,
1416267454.01616,pg_catalog,pg_largeobject,0,0,0,0,0,0,0,0,0,0,0,0,0,0,,,,
1416267454.01616,pg_catalog,pg_namespace,6441,174184,480035,444654,28,0,0,0,28,0,6752,444414,17419,503576,,,,
1416267454.01616,pg_catalog,pg_authid,3179,3179,71211,71211,0,0,0,0,0,0,6958,67432,25854,116568,,,,
1416267454.01616,pg_toast,pg_toast_12193,0,0,0,0,0,0,0,0,0,0,0,0,0,0,,,,
1416267454.01616,pg_catalog,pg_index,14151,1668605,310641,442084,765,0,737,0,138,41,29555,437151,28230,347802,,,,
1416267454.01616,pg_catalog,pg_ts_dict,0,0,0,0,0,0,0,0,0,0,0,0,0,0,,,,
1416267454.01616,information_schema,sql_features,0,0,,,0,0,0,0,0,0,0,0,,,0,0,0,0
1416267454.01616,pg_catalog,pg_class,36626,9112194,1398073,1353937,1555,393,1517,379,326,46,72581,1638867,60509,2799113,,,,
1416267454.01616,pg_toast,pg_toast_12183,0,0,0,0,0,0,0,0,0,0,0,0,0,0,,,,
1416267454.01616,public,lineitem,126,1320287079,898469,141483504,60105943,0,120391,0,59985363,120391,24438726,21268492,833317,6006952,,,,
1416267454.01616,information_schema,sql_sizing_profiles,0,0,,,0,0,0,0,0,0,0,0,,,0,0,0,0
1416267454.01616,pg_toast,pg_toast_2396,0,0,0,0,0,0,0,0,0,0,0,0,0,0,,,,
1416267454.01616,pg_catalog,pg_enum,0,0,0,0,0,0,0,0,0,0,0,0,0,0,,,,
1416267454.01616,pg_catalog,pg_db_role_setting,0,0,124557,0,0,0,0,0,0,0,0,0,7981,116576,0,0,0,0
1416267454.01616,pg_catalog,pg_seclabel,0,0,3609,0,0,0,0,0,0,0,0,0,416,3193,0,0,0,0
1416267454.01616,pg_toast,pg_toast_2609,0,0,0,0,0,0,0,0,0,0,0,0,0,0,,,,
1416267454.01616,public,nation,117,325,3364497,3364569,25,0,0,0,25,0,5,3364507,11,3364616,,,,
1416267454.01616,pg_toast,pg_toast_1255,0,0,0,0,0,0,0,0,0,0,0,0,0,0,,,,
1416267454.01616,public,part,36,20000000,449,2736417,2000000,0,0,0,2000000,0,289695,484286,11506,2931,,,,
1416267454.01616,pg_catalog,pg_rewrite,0,0,23611,22432,393,0,393,0,106,64,10889,14614,4700,35714,9429,11886,3662,14698
1416267454.01616,pg_catalog,pg_ts_config,0,0,0,0,0,0,0,0,0,0,0,0,0,0,,,,
1416267454.01616,pg_catalog,pg_extension,0,0,0,0,0,0,0,0,0,0,0,0,0,0,,,,
1416267454.01616,pg_catalog,pg_amop,0,0,288717,401271,0,0,0,0,0,0,20676,380595,34966,589723,,,,
1416267454.01616,pg_catalog,pg_cast,0,0,912351,253172,0,0,0,0,0,0,8933,244239,11441,935369,,,,
1416267454.01616,public,region,6589,32680,118,118,5,0,0,0,5,0,5,6651,10,153,,,,
1416267454.01616,pg_toast,pg_toast_2619,0,0,11507,34585,791,0,540,0,261,24,3494,14879,1854,13608,,,,
1416267454.01616,pg_toast,pg_toast_2604,0,0,0,0,0,0,0,0,0,0,0,0,0,0,,,,
1416267514.01893,pg_catalog,pg_auth_members,0,0,0,0,0,0,0,0,0,0,0,0,0,0,,,,
1416267514.01893,pg_catalog,pg_operator,0,0,220013,924733,0,0,0,0,0,0,60455,606943,45742,448131,,,,
1416267514.01893,public,customer,54,22500000,496,3693920,1500000,0,0,0,1500000,0,288696,1643864,10241,2466,,,,
1416267514.01893,pg_catalog,pg_aggregate,0,0,14751,14751,0,0,0,0,0,0,4569,10182,9142,17231,,,,
1416267514.01893,pg_catalog,pg_pltemplate,0,0,0,0,0,0,0,0,0,0,0,0,0,0,,,,
1416267514.01893,public,supplier,70,1300000,3414828,3849424,100000,0,0,0,100000,0,22241,3449615,2190,6847240,,,,
1416267514.01893,pg_toast,pg_toast_12188,0,0,0,0,0,0,0,0,0,0,0,0,0,0,,,,
1416267514.01893,pg_catalog,pg_description,0,0,3625,0,0,0,0,0,0,0,0,0,1360,6674,0,0,0,0
1416267514.01893,pg_catalog,pg_language,0,0,0,0,0,0,0,0,0,0,0,0,0,0,,,,
1416267514.01893,pg_catalog,pg_ts_parser,0,0,0,0,0,0,0,0,0,0,0,0,0,0,,,,
1416267514.01893,pg_catalog,pg_shseclabel,0,0,0,0,0,0,0,0,0,0,0,0,0,0,,,,
1416267514.01893,pg_catalog,pg_foreign_table,0,0,0,0,0,0,0,0,0,0,0,0,0,0,,,,
1416267514.01893,information_schema,sql_packages,0,0,,,0,0,0,0,0,0,0,0,,,0,0,0,0
1416267514.01893,information_schema,sql_parts,0,0,,,0,0,0,0,0,0,0,0,,,0,0,0,0
1416267514.01893,pg_catalog,pg_attrdef,0,0,0,0,0,0,0,0,0,0,0,0,0,0,0,0,0,0
1416267514.01893,pg_catalog,pg_ts_template,0,0,0,0,0,0,0,0,0,0,0,0,0,0,,,,
1416267514.01893,pg_catalog,pg_foreign_server,0,0,0,0,0,0,0,0,0,0,0,0,0,0,,,,
1416267514.01893,public,partsupp,18,40000000,127217,12158331,8000000,0,0,0,8000000,0,1205191,4775856,89547,326080,,,,
1416267514.01893,pg_catalog,pg_default_acl,0,0,3176,0,0,0,0,0,0,0,0,0,373,2803,,,,
1416267514.01893,pg_toast,pg_toast_12198,0,0,0,0,0,0,0,0,0,0,0,0,0,0,,,,
1416267514.01893,pg_toast,pg_toast_12208,0,0,0,0,0,0,0,0,0,0,0,0,0,0,,,,
1416267514.01893,pg_catalog,pg_attribute,3168,21024,925099,1802226,6088,210,5910,174,2425,518,93278,903937,43851,1873831,,,,
1416267514.01893,pg_catalog,pg_statistic,0,0,213029,160880,1394,3322,1328,2905,450,123,38763,132201,20826,438231,3580,15142,1854,13873
1416267514.01893,pg_toast,pg_toast_12203,0,0,0,0,0,0,0,0,0,0,0,0,0,0,,,,
1416267514.01893,pg_toast,pg_toast_2618,0,0,12206,39638,0,0,0,0,0,0,9439,11890,3665,14707,,,,
1416267514.01893,pg_toast,pg_toast_3596,0,0,0,0,0,0,0,0,0,0,0,0,0,0,,,,
1416267514.01893,pg_catalog,pg_depend,0,0,33557,36189,6195,0,6105,0,6294,699,6267,42202,10900,85100,,,,
1416267514.01893,information_schema,sql_languages,0,0,,,0,0,0,0,0,0,0,0,,,0,0,0,0
1416267514.01893,pg_catalog,pg_opclass,576,576,179728,1955676,0,0,0,0,0,0,13237,665800,25932,210048,,,,
1416267514.01893,pg_catalog,pg_proc,0,0,393752,579937,0,0,0,0,0,0,70564,382341,69280,802792,0,0,0,0
1416267514.01893,information_schema,sql_implementation_info,0,0,,,0,0,0,0,0,0,0,0,,,0,0,0,0
1416267514.01893,pg_catalog,pg_trigger,0,0,0,0,0,0,0,0,0,0,0,0,0,0,0,0,0,0
1416267514.01893,pg_catalog,pg_am,39311,39311,0,0,0,0,0,0,0,0,7768,31543,0,0,,,,
1416267514.01893,pg_catalog,pg_largeobject_metadata,0,0,0,0,0,0,0,0,0,0,0,0,0,0,,,,
1416267514.01893,pg_catalog,pg_ts_config_map,0,0,0,0,0,0,0,0,0,0,0,0,0,0,,,,
1416267514.01893,pg_catalog,pg_type,0,0,740942,735238,1566,0,1547,0,349,14,23472,718750,29327,1480634,,,,
1416267514.01893,pg_catalog,pg_shdepend,0,0,4449,823,0,0,0,0,0,0,375,448,1681,4348,,,,
1416267514.01893,information_schema,sql_sizing,0,0,,,0,0,0,0,0,0,0,0,,,0,0,0,0
1416267514.01893,public,orders,97,285210000,7628020,35554062,15045000,0,45000,0,15000000,45000,3313136,13146735,263697,23145023,,,,
1416267514.01893,pg_catalog,pg_conversion,0,0,0,0,0,0,0,0,0,0,0,0,0,0,,,,
1416267514.01893,pg_catalog,pg_foreign_data_wrapper,0,0,0,0,0,0,0,0,0,0,0,0,0,0,,,,
1416267514.01893,pg_catalog,pg_opfamily,0,0,0,0,0,0,0,0,0,0,0,0,0,0,,,,
1416267514.01893,pg_catalog,pg_shdescription,0,0,0,0,0,0,0,0,0,0,0,0,0,0,0,0,0,0
1416267514.01893,pg_catalog,pg_tablespace,2,4,28790,28790,0,0,0,0,0,0,6153,22639,12340,45240,,,,
1416267514.01893,pg_catalog,pg_inherits,0,0,784,0,0,0,0,0,0,0,0,0,386,398,,,,
1416267514.01893,pg_toast,pg_toast_2606,0,0,0,0,0,0,0,0,0,0,0,0,0,0,,,,
1416267514.01893,pg_toast,pg_toast_2964,0,0,0,0,0,0,0,0,0,0,0,0,0,0,,,,
1416267514.01893,pg_catalog,pg_database,9132,36048,171120,171118,1,0,0,0,1,0,8146,172105,36684,217570,,,,
1416267514.01893,pg_toast,pg_toast_2620,0,0,0,0,0,0,0,0,0,0,0,0,0,0,,,,
1416267514.01893,pg_toast,pg_toast_12213,0,0,0,0,0,0,0,0,0,0,0,0,0,0,,,,
1416267514.01893,pg_catalog,pg_amproc,576,1152,139658,207722,0,0,0,0,0,0,9737,128338,26564,291297,,,,
1416267514.01893,public,time_statistics,70,3649,,,97,70,0,65,97,42,6,252,,,,,,
1416267514.01893,pg_catalog,pg_collation,0,0,0,0,0,0,0,0,0,0,0,0,0,0,,,,
1416267514.01893,pg_catalog,pg_constraint,0,0,328,160,168,0,160,0,10,48,94,927,170,1670,0,0,0,0
1416267514.01893,pg_catalog,pg_range,0,0,5161,0,0,0,0,0,0,0,0,0,6993,3329,,,,
1416267514.01893,pg_catalog,pg_user_mapping,0,0,0,0,0,0,0,0,0,0,0,0,0,0,,,,
1416267514.01893,pg_catalog,pg_largeobject,0,0,0,0,0,0,0,0,0,0,0,0,0,0,,,,
1416267514.01893,pg_catalog,pg_namespace,6445,174320,480555,445090,28,0,0,0,28,0,6752,444854,17425,504179,,,,
1416267514.01893,pg_catalog,pg_authid,3180,3180,71381,71381,0,0,0,0,0,0,6958,67603,25854,116908,,,,
1416267514.01893,pg_toast,pg_toast_12193,0,0,0,0,0,0,0,0,0,0,0,0,0,0,,,,
1416267514.01893,pg_catalog,pg_index,14159,1669709,311298,443047,766,0,738,0,138,42,29558,438115,28230,348580,,,,
1416267514.01893,pg_catalog,pg_ts_dict,0,0,0,0,0,0,0,0,0,0,0,0,0,0,,,,
1416267514.01893,information_schema,sql_features,0,0,,,0,0,0,0,0,0,0,0,,,0,0,0,0
1416267514.01893,pg_catalog,pg_class,36644,9117493,1399896,1355620,1560,396,1522,382,326,54,72595,1640748,60510,2802950,,,,
1416267514.01893,pg_toast,pg_toast_12183,0,0,0,0,0,0,0,0,0,0,0,0,0,0,,,,
1416267514.01893,public,lineitem,140,2160563429,2507238,216217239,60165770,0,180117,0,59985464,180117,35533554,38729552,1727263,13184896,,,,
1416267514.01893,information_schema,sql_sizing_profiles,0,0,,,0,0,0,0,0,0,0,0,,,0,0,0,0
1416267514.01893,pg_toast,pg_toast_2396,0,0,0,0,0,0,0,0,0,0,0,0,0,0,,,,
1416267514.01893,pg_catalog,pg_enum,0,0,0,0,0,0,0,0,0,0,0,0,0,0,,,,
1416267514.01893,pg_catalog,pg_db_role_setting,0,0,124818,0,0,0,0,0,0,0,0,0,7981,116837,0,0,0,0
1416267514.01893,pg_catalog,pg_seclabel,0,0,3625,0,0,0,0,0,0,0,0,0,418,3207,0,0,0,0
1416267514.01893,pg_toast,pg_toast_2609,0,0,0,0,0,0,0,0,0,0,0,0,0,0,,,,
1416267514.01893,public,nation,124,500,3414833,3414929,25,0,0,0,25,0,6,3414849,14,3414957,,,,
1416267514.01893,pg_toast,pg_toast_1255,0,0,0,0,0,0,0,0,0,0,0,0,0,0,,,,
1416267514.01893,public,part,36,20000000,477,4801635,2000000,0,0,0,2000000,0,354887,513491,17435,2982,,,,
1416267514.01893,pg_catalog,pg_rewrite,0,0,23642,22454,396,0,396,0,106,67,10912,14635,4709,35757,9439,11890,3665,14707
1416267514.01893,pg_catalog,pg_ts_config,0,0,0,0,0,0,0,0,0,0,0,0,0,0,,,,
1416267514.01893,pg_catalog,pg_extension,0,0,0,0,0,0,0,0,0,0,0,0,0,0,,,,
1416267514.01893,pg_catalog,pg_amop,0,0,289264,402106,0,0,0,0,0,0,20676,381430,34968,590900,,,,
1416267514.01893,pg_catalog,pg_cast,0,0,914709,253739,0,0,0,0,0,0,8934,244805,11441,937809,,,,
1416267514.01893,public,region,13109,65275,126,126,5,0,0,0,5,0,6,13177,12,162,,,,
1416267514.01893,pg_toast,pg_toast_2619,0,0,11741,35409,793,0,542,0,261,26,3580,15142,1854,13873,,,,
1416267514.01893,pg_toast,pg_toast_2604,0,0,0,0,0,0,0,0,0,0,0,0,0,0,,,,
1416267574.0219,pg_catalog,pg_auth_members,0,0,0,0,0,0,0,0,0,0,0,0,0,0,,,,
1416267574.0219,pg_catalog,pg_operator,0,0,220627,928684,0,0,0,0,0,0,60459,609680,45750,449490,,,,
1416267574.0219,public,customer,56,25500000,546,5134378,1500000,0,0,0,1500000,0,429800,2161161,14409,2726,,,,
1416267574.0219,pg_catalog,pg_aggregate,0,0,14785,14785,0,0,0,0,0,0,4571,10214,9147,17289,,,,
1416267574.0219,pg_catalog,pg_pltemplate,0,0,0,0,0,0,0,0,0,0,0,0,0,0,,,,
1416267574.0219,public,supplier,77,1800000,3489089,3993716,100000,0,0,0,100000,0,23934,3541868,2245,6996307,,,,
1416267574.0219,pg_toast,pg_toast_12188,0,0,0,0,0,0,0,0,0,0,0,0,0,0,,,,
1416267574.0219,pg_catalog,pg_description,0,0,3633,0,0,0,0,0,0,0,0,0,1363,6689,0,0,0,0
1416267574.0219,pg_catalog,pg_language,0,0,0,0,0,0,0,0,0,0,0,0,0,0,,,,
1416267574.0219,pg_catalog,pg_ts_parser,0,0,0,0,0,0,0,0,0,0,0,0,0,0,,,,
1416267574.0219,pg_catalog,pg_shseclabel,0,0,0,0,0,0,0,0,0,0,0,0,0,0,,,,
1416267574.0219,pg_catalog,pg_foreign_table,0,0,0,0,0,0,0,0,0,0,0,0,0,0,,,,
1416267574.0219,information_schema,sql_packages,0,0,,,0,0,0,0,0,0,0,0,,,0,0,0,0
1416267574.0219,information_schema,sql_parts,0,0,,,0,0,0,0,0,0,0,0,,,0,0,0,0
1416267574.0219,pg_catalog,pg_attrdef,0,0,0,0,0,0,0,0,0,0,0,0,0,0,0,0,0,0
1416267574.0219,pg_catalog,pg_ts_template,0,0,0,0,0,0,0,0,0,0,0,0,0,0,,,,
1416267574.0219,pg_catalog,pg_foreign_server,0,0,0,0,0,0,0,0,0,0,0,0,0,0,,,,
1416267574.0219,public,partsupp,20,56000000,183552,14521087,8000000,0,0,0,8000000,0,1648340,6956082,127666,463584,,,,
1416267574.0219,pg_catalog,pg_default_acl,0,0,3184,0,0,0,0,0,0,0,0,0,375,2809,,,,
1416267574.0219,pg_toast,pg_toast_12198,0,0,0,0,0,0,0,0,0,0,0,0,0,0,,,,
1416267574.0219,pg_toast,pg_toast_12208,0,0,0,0,0,0,0,0,0,0,0,0,0,0,,,,
1416267574.0219,pg_catalog,pg_attribute,3168,21024,926628,1805568,6098,210,5920,174,2425,528,93345,905427,43864,1877020,,,,
1416267574.0219,pg_catalog,pg_statistic,0,0,213452,161289,1395,3325,1329,2908,450,120,38812,132569,20829,439145,3686,15429,1857,14178
1416267574.0219,pg_toast,pg_toast_12203,0,0,0,0,0,0,0,0,0,0,0,0,0,0,,,,
1416267574.0219,pg_toast,pg_toast_2618,0,0,12214,39664,0,0,0,0,0,0,9449,11894,3669,14715,,,,
1416267574.0219,pg_toast,pg_toast_3596,0,0,0,0,0,0,0,0,0,0,0,0,0,0,,,,
1416267574.0219,pg_catalog,pg_depend,0,0,33632,36265,6208,0,6118,0,6294,712,6295,42277,10943,85263,,,,
1416267574.0219,information_schema,sql_languages,0,0,,,0,0,0,0,0,0,0,0,,,0,0,0,0
1416267574.0219,pg_catalog,pg_opclass,576,576,180144,1959568,0,0,0,0,0,0,13238,667230,25936,210589,,,,
1416267574.0219,pg_catalog,pg_proc,0,0,394537,581022,0,0,0,0,0,0,70655,383103,69311,804544,0,0,0,0
1416267574.0219,information_schema,sql_implementation_info,0,0,,,0,0,0,0,0,0,0,0,,,0,0,0,0
1416267574.0219,pg_catalog,pg_trigger,0,0,0,0,0,0,0,0,0,0,0,0,0,0,0,0,0,0
1416267574.0219,pg_catalog,pg_am,39414,39414,0,0,0,0,0,0,0,0,7768,31646,0,0,,,,
1416267574.0219,pg_catalog,pg_largeobject_metadata,0,0,0,0,0,0,0,0,0,0,0,0,0,0,,,,
1416267574.0219,pg_catalog,pg_ts_config_map,0,0,0,0,0,0,0,0,0,0,0,0,0,0,,,,
1416267574.0219,pg_catalog,pg_type,0,0,743279,737558,1570,0,1551,0,349,18,23482,721074,29345,1485434,,,,
1416267574.0219,pg_catalog,pg_shdepend,0,0,4459,825,0,0,0,0,0,0,377,448,1687,4356,,,,
1416267574.0219,information_schema,sql_sizing,0,0,,,0,0,0,0,0,0,0,0,,,0,0,0,0
1416267574.0219,public,orders,103,375300000,10533793,50989662,15060000,0,60000,0,15000000,60000,4076431,18048231,360889,31950748,,,,
1416267574.0219,pg_catalog,pg_conversion,0,0,0,0,0,0,0,0,0,0,0,0,0,0,,,,
1416267574.0219,pg_catalog,pg_foreign_data_wrapper,0,0,0,0,0,0,0,0,0,0,0,0,0,0,,,,
1416267574.0219,pg_catalog,pg_opfamily,0,0,0,0,0,0,0,0,0,0,0,0,0,0,,,,
1416267574.0219,pg_catalog,pg_shdescription,0,0,0,0,0,0,0,0,0,0,0,0,0,0,0,0,0,0
1416267574.0219,pg_catalog,pg_tablespace,2,4,28858,28858,0,0,0,0,0,0,6153,22707,12340,45376,,,,
1416267574.0219,pg_catalog,pg_inherits,0,0,786,0,0,0,0,0,0,0,0,0,387,399,,,,
1416267574.0219,pg_toast,pg_toast_2606,0,0,0,0,0,0,0,0,0,0,0,0,0,0,,,,
1416267574.0219,pg_toast,pg_toast_2964,0,0,0,0,0,0,0,0,0,0,0,0,0,0,,,,
1416267574.0219,pg_catalog,pg_database,9136,36064,171466,171464,1,0,0,0,1,0,8146,172455,36684,218122,,,,
1416267574.0219,pg_toast,pg_toast_2620,0,0,0,0,0,0,0,0,0,0,0,0,0,0,,,,
1416267574.0219,pg_toast,pg_toast_12213,0,0,0,0,0,0,0,0,0,0,0,0,0,0,,,,
1416267574.0219,pg_catalog,pg_amproc,576,1152,140010,208247,0,0,0,0,0,0,9737,128676,26564,292103,,,,
1416267574.0219,public,time_statistics,100,6992,,,127,100,0,92,127,55,7,409,,,,,,
1416267574.0219,pg_catalog,pg_collation,0,0,0,0,0,0,0,0,0,0,0,0,0,0,,,,
1416267574.0219,pg_catalog,pg_constraint,0,0,328,160,168,0,160,0,10,48,94,927,170,1670,0,0,0,0
1416267574.0219,pg_catalog,pg_range,0,0,5193,0,0,0,0,0,0,0,0,0,6997,3389,,,,
1416267574.0219,pg_catalog,pg_user_mapping,0,0,0,0,0,0,0,0,0,0,0,0,0,0,,,,
1416267574.0219,pg_catalog,pg_largeobject,0,0,0,0,0,0,0,0,0,0,0,0,0,0,,,,
1416267574.0219,pg_catalog,pg_namespace,6449,174456,481121,445556,28,0,0,0,28,0,6752,445324,17433,504841,,,,
1416267574.0219,pg_catalog,pg_authid,3182,3182,71584,71584,0,0,0,0,0,0,6958,67808,25854,117314,,,,
1416267574.0219,pg_toast,pg_toast_12193,0,0,0,0,0,0,0,0,0,0,0,0,0,0,,,,
1416267574.0219,pg_catalog,pg_index,14167,1670813,312028,444109,767,0,739,0,138,43,29567,439179,28233,349451,,,,
1416267574.0219,pg_catalog,pg_ts_dict,0,0,0,0,0,0,0,0,0,0,0,0,0,0,,,,
1416267574.0219,information_schema,sql_features,0,0,,,0,0,0,0,0,0,0,0,,,0,0,0,0
1416267574.0219,pg_catalog,pg_class,36662,9122792,1401886,1357450,1563,397,1525,383,326,58,72612,1642760,60513,2807143,,,,
1416267574.0219,pg_toast,pg_toast_12183,0,0,0,0,0,0,0,0,0,0,0,0,0,0,,,,
1416267574.0219,public,lineitem,147,2580821728,4056622,360611891,60225420,0,239639,0,59985592,239639,44376402,53748459,3027555,19901991,,,,
1416267574.0219,information_schema,sql_sizing_profiles,0,0,,,0,0,0,0,0,0,0,0,,,0,0,0,0
1416267574.0219,pg_toast,pg_toast_2396,0,0,0,0,0,0,0,0,0,0,0,0,0,0,,,,
1416267574.0219,pg_catalog,pg_enum,0,0,0,0,0,0,0,0,0,0,0,0,0,0,,,,
1416267574.0219,pg_catalog,pg_db_role_setting,0,0,125127,0,0,0,0,0,0,0,0,0,7981,117146,0,0,0,0
1416267574.0219,pg_catalog,pg_seclabel,0,0,3633,0,0,0,0,0,0,0,0,0,419,3214,0,0,0,0
1416267574.0219,pg_toast,pg_toast_2609,0,0,0,0,0,0,0,0,0,0,0,0,0,0,,,,
1416267574.0219,public,nation,135,775,3489100,3489268,25,0,0,0,25,0,8,3489125,24,3489225,,,,
1416267574.0219,pg_toast,pg_toast_1255,0,0,0,0,0,0,0,0,0,0,0,0,0,0,,,,
1416267574.0219,public,part,37,22000000,542,7506469,2000000,0,0,0,2000000,0,503795,581936,25974,3975,,,,
1416267574.0219,pg_catalog,pg_rewrite,0,0,23662,22471,397,0,397,0,106,68,10927,14643,4717,35783,9449,11894,3669,14715
1416267574.0219,pg_catalog,pg_ts_config,0,0,0,0,0,0,0,0,0,0,0,0,0,0,,,,
1416267574.0219,pg_catalog,pg_extension,0,0,0,0,0,0,0,0,0,0,0,0,0,0,,,,
1416267574.0219,pg_catalog,pg_amop,0,0,289890,403064,0,0,0,0,0,0,20676,382388,34975,592249,,,,
1416267574.0219,pg_catalog,pg_cast,0,0,917576,254402,0,0,0,0,0,0,8935,245467,11441,940775,,,,
1416267574.0219,public,region,19587,97660,136,136,5,0,0,0,5,0,10,19660,20,168,,,,
1416267574.0219,pg_toast,pg_toast_2619,0,0,12013,36318,795,0,544,0,261,28,3686,15429,1857,14178,,,,
1416267574.0219,pg_toast,pg_toast_2604,0,0,0,0,0,0,0,0,0,0,0,0,0,0,,,,
1416267634.02181,pg_catalog,pg_auth_members,0,0,0,0,0,0,0,0,0,0,0,0,0,0,,,,
1416267634.02181,pg_catalog,pg_operator,0,0,221012,931240,0,0,0,0,0,0,60466,611435,45758,450358,,,,
1416267634.02181,public,customer,58,28500000,601,6699292,1500000,0,0,0,1500000,0,570864,2434927,18785,2807,,,,
1416267634.02181,pg_catalog,pg_aggregate,0,0,14814,14814,0,0,0,0,0,0,4572,10242,9151,17334,,,,
1416267634.02181,pg_catalog,pg_pltemplate,0,0,0,0,0,0,0,0,0,0,0,0,0,0,,,,
1416267634.02181,public,supplier,81,2100000,6764268,7281962,100000,0,0,0,100000,0,26118,6826992,2551,13565113,,,,
1416267634.02181,pg_toast,pg_toast_12188,0,0,0,0,0,0,0,0,0,0,0,0,0,0,,,,
1416267634.02181,pg_catalog,pg_description,0,0,3641,0,0,0,0,0,0,0,0,0,1366,6704,0,0,0,0
1416267634.02181,pg_catalog,pg_language,0,0,0,0,0,0,0,0,0,0,0,0,0,0,,,,
1416267634.02181,pg_catalog,pg_ts_parser,0,0,0,0,0,0,0,0,0,0,0,0,0,0,,,,
1416267634.02181,pg_catalog,pg_shseclabel,0,0,0,0,0,0,0,0,0,0,0,0,0,0,,,,
1416267634.02181,pg_catalog,pg_foreign_table,0,0,0,0,0,0,0,0,0,0,0,0,0,0,,,,
1416267634.02181,information_schema,sql_packages,0,0,,,0,0,0,0,0,0,0,0,,,0,0,0,0
1416267634.02181,information_schema,sql_parts,0,0,,,0,0,0,0,0,0,0,0,,,0,0,0,0
1416267634.02181,pg_catalog,pg_attrdef,0,0,0,0,0,0,0,0,0,0,0,0,0,0,0,0,0,0
1416267634.02181,pg_catalog,pg_ts_template,0,0,0,0,0,0,0,0,0,0,0,0,0,0,,,,
1416267634.02181,pg_catalog,pg_foreign_server,0,0,0,0,0,0,0,0,0,0,0,0,0,0,,,,
1416267634.02181,public,partsupp,21,64000000,217970,24785178,8000000,0,0,0,8000000,0,2155921,9277461,173090,549537,,,,
1416267634.02181,pg_catalog,pg_default_acl,0,0,3192,0,0,0,0,0,0,0,0,0,377,2815,,,,
1416267634.02181,pg_toast,pg_toast_12198,0,0,0,0,0,0,0,0,0,0,0,0,0,0,,,,
1416267634.02181,pg_toast,pg_toast_12208,0,0,0,0,0,0,0,0,0,0,0,0,0,0,,,,
1416267634.02181,pg_catalog,pg_attribute,3168,21024,927811,1808120,6108,210,5930,174,2425,538,93395,906588,43875,1879494,,,,
1416267634.02181,pg_catalog,pg_statistic,0,0,213748,161569,1396,3325,1330,2908,450,114,38850,132816,20834,439786,3794,15584,1857,14384
1416267634.02181,pg_toast,pg_toast_12203,0,0,0,0,0,0,0,0,0,0,0,0,0,0,,,,
1416267634.02181,pg_toast,pg_toast_2618,0,0,12222,39690,0,0,0,0,0,0,9459,11898,3673,14723,,,,
1416267634.02181,pg_toast,pg_toast_3596,0,0,0,0,0,0,0,0,0,0,0,0,0,0,,,,
1416267634.02181,pg_catalog,pg_depend,0,0,33707,36341,6221,0,6131,0,6294,725,6320,42352,10986,85426,,,,
1416267634.02181,information_schema,sql_languages,0,0,,,0,0,0,0,0,0,0,0,,,0,0,0,0
1416267634.02181,pg_catalog,pg_opclass,576,576,180463,1962675,0,0,0,0,0,0,13238,668364,25939,211005,,,,
1416267634.02181,pg_catalog,pg_proc,0,0,395128,581876,0,0,0,0,0,0,70718,383696,69327,805875,0,0,0,0
1416267634.02181,information_schema,sql_implementation_info,0,0,,,0,0,0,0,0,0,0,0,,,0,0,0,0
1416267634.02181,pg_catalog,pg_trigger,0,0,0,0,0,0,0,0,0,0,0,0,0,0,0,0,0,0
1416267634.02181,pg_catalog,pg_am,39492,39492,0,0,0,0,0,0,0,0,7768,31724,0,0,,,,
1416267634.02181,pg_catalog,pg_largeobject_metadata,0,0,0,0,0,0,0,0,0,0,0,0,0,0,,,,
1416267634.02181,pg_catalog,pg_ts_config_map,0,0,0,0,0,0,0,0,0,0,0,0,0,0,,,,
1416267634.02181,pg_catalog,pg_type,0,0,745037,739303,1574,0,1555,0,349,22,23493,722822,29363,1489038,,,,
1416267634.02181,pg_catalog,pg_shdepend,0,0,4469,827,0,0,0,0,0,0,379,448,1693,4364,,,,
1416267634.02181,information_schema,sql_sizing,0,0,,,0,0,0,0,0,0,0,0,,,0,0,0,0
1416267634.02181,public,orders,110,480375000,15283491,58572256,15090000,0,75000,0,15015000,75000,5045198,24107828,398980,46468540,,,,
1416267634.02181,pg_catalog,pg_conversion,0,0,0,0,0,0,0,0,0,0,0,0,0,0,,,,
1416267634.02181,pg_catalog,pg_foreign_data_wrapper,0,0,0,0,0,0,0,0,0,0,0,0,0,0,,,,
1416267634.02181,pg_catalog,pg_opfamily,0,0,0,0,0,0,0,0,0,0,0,0,0,0,,,,
1416267634.02181,pg_catalog,pg_shdescription,0,0,0,0,0,0,0,0,0,0,0,0,0,0,0,0,0,0
1416267634.02181,pg_catalog,pg_tablespace,2,4,28910,28910,0,0,0,0,0,0,6154,22758,12342,45478,,,,
1416267634.02181,pg_catalog,pg_inherits,0,0,788,0,0,0,0,0,0,0,0,0,388,400,,,,
1416267634.02181,pg_toast,pg_toast_2606,0,0,0,0,0,0,0,0,0,0,0,0,0,0,,,,
1416267634.02181,pg_toast,pg_toast_2964,0,0,0,0,0,0,0,0,0,0,0,0,0,0,,,,
1416267634.02181,pg_catalog,pg_database,9140,36080,171755,171753,1,0,0,0,1,0,8146,172748,36684,218567,,,,
1416267634.02181,pg_toast,pg_toast_2620,0,0,0,0,0,0,0,0,0,0,0,0,0,0,,,,
1416267634.02181,pg_toast,pg_toast_12213,0,0,0,0,0,0,0,0,0,0,0,0,0,0,,,,
1416267634.02181,pg_catalog,pg_amproc,576,1152,140288,208651,0,0,0,0,0,0,9737,128940,26564,292736,,,,
1416267634.02181,public,time_statistics,122,10016,,,149,122,0,114,149,57,16,510,,,,,,
1416267634.02181,pg_catalog,pg_collation,0,0,0,0,0,0,0,0,0,0,0,0,0,0,,,,
1416267634.02181,pg_catalog,pg_constraint,0,0,328,160,168,0,160,0,10,48,94,927,170,1670,0,0,0,0
1416267634.02181,pg_catalog,pg_range,0,0,5215,0,0,0,0,0,0,0,0,0,7005,3425,,,,
1416267634.02181,pg_catalog,pg_user_mapping,0,0,0,0,0,0,0,0,0,0,0,0,0,0,,,,
1416267634.02181,pg_catalog,pg_largeobject,0,0,0,0,0,0,0,0,0,0,0,0,0,0,,,,
1416267634.02181,pg_catalog,pg_namespace,6453,174592,481618,445976,28,0,0,0,28,0,6752,445748,17439,505412,,,,
1416267634.02181,pg_catalog,pg_authid,3185,3185,71736,71736,0,0,0,0,0,0,6958,67963,25854,117618,,,,
1416267634.02181,pg_toast,pg_toast_12193,0,0,0,0,0,0,0,0,0,0,0,0,0,0,,,,
1416267634.02181,pg_catalog,pg_index,14175,1671917,312555,444870,768,0,740,0,138,44,29570,439952,28233,350089,,,,
1416267634.02181,pg_catalog,pg_ts_dict,0,0,0,0,0,0,0,0,0,0,0,0,0,0,,,,
1416267634.02181,information_schema,sql_features,0,0,,,0,0,0,0,0,0,0,0,,,0,0,0,0
1416267634.02181,pg_catalog,pg_class,36680,9128091,1403488,1358938,1566,398,1528,384,326,62,72623,1644435,60515,2810513,,,,
1416267634.02181,pg_toast,pg_toast_12183,0,0,0,0,0,0,0,0,0,0,0,0,0,0,,,,
1416267634.02181,public,lineitem,157,3181157193,4806436,439008642,60345378,0,299552,0,60045637,299552,52977112,62407612,3870067,25118848,,,,
1416267634.02181,information_schema,sql_sizing_profiles,0,0,,,0,0,0,0,0,0,0,0,,,0,0,0,0
1416267634.02181,pg_toast,pg_toast_2396,0,0,0,0,0,0,0,0,0,0,0,0,0,0,,,,
1416267634.02181,pg_catalog,pg_enum,0,0,0,0,0,0,0,0,0,0,0,0,0,0,,,,
1416267634.02181,pg_catalog,pg_db_role_setting,0,0,125361,0,0,0,0,0,0,0,0,0,7981,117380,0,0,0,0
1416267634.02181,pg_catalog,pg_seclabel,0,0,3641,0,0,0,0,0,0,0,0,0,420,3221,0,0,0,0
1416267634.02181,pg_toast,pg_toast_2609,0,0,0,0,0,0,0,0,0,0,0,0,0,0,,,,
1416267634.02181,public,nation,140,900,6764272,6764488,25,0,0,0,25,0,8,6764302,27,6764400,,,,
1416267634.02181,pg_toast,pg_toast_1255,0,0,0,0,0,0,0,0,0,0,0,0,0,0,,,,
1416267634.02181,public,part,38,24000000,584,9839033,2000000,0,0,0,2000000,0,612087,607195,33624,4591,,,,
1416267634.02181,pg_catalog,pg_rewrite,0,0,23683,22489,398,0,398,0,106,69,10944,14652,4726,35810,9459,11898,3673,14723
1416267634.02181,pg_catalog,pg_ts_config,0,0,0,0,0,0,0,0,0,0,0,0,0,0,,,,
1416267634.02181,pg_catalog,pg_extension,0,0,0,0,0,0,0,0,0,0,0,0,0,0,,,,
1416267634.02181,pg_catalog,pg_amop,0,0,290348,403768,0,0,0,0,0,0,20678,383090,34979,593239,,,,
1416267634.02181,pg_catalog,pg_cast,0,0,919654,254854,0,0,0,0,0,0,8936,245918,11441,942927,,,,
1416267634.02181,public,region,25988,129660,142,142,5,0,0,0,5,0,11,26065,22,174,,,,
1416267634.02181,pg_toast,pg_toast_2619,0,0,12192,36903,797,0,546,0,261,30,3794,15584,1857,14384,,,,
1416267634.02181,pg_toast,pg_toast_2604,0,0,0,0,0,0,0,0,0,0,0,0,0,0,,,,
1416267694.02331,pg_catalog,pg_auth_members,0,0,0,0,0,0,0,0,0,0,0,0,0,0,,,,
1416267694.02331,pg_catalog,pg_operator,0,0,221468,934294,0,0,0,0,0,0,60469,613525,45764,451374,,,,
1416267694.02331,public,customer,60,31500000,689,9284951,1500000,0,0,0,1500000,0,611002,3303573,25721,3223,,,,
1416267694.02331,pg_catalog,pg_aggregate,0,0,14846,14846,0,0,0,0,0,0,4573,10273,9155,17384,,,,
1416267694.02331,pg_catalog,pg_pltemplate,0,0,0,0,0,0,0,0,0,0,0,0,0,0,,,,
1416267694.02331,public,supplier,86,2500000,13386528,13912086,100000,0,0,0,100000,0,30100,13457698,2847,26846227,,,,
1416267694.02331,pg_toast,pg_toast_12188,0,0,0,0,0,0,0,0,0,0,0,0,0,0,,,,
1416267694.02331,pg_catalog,pg_description,0,0,3645,0,0,0,0,0,0,0,0,0,1369,6710,0,0,0,0
1416267694.02331,pg_catalog,pg_language,0,0,0,0,0,0,0,0,0,0,0,0,0,0,,,,
1416267694.02331,pg_catalog,pg_ts_parser,0,0,0,0,0,0,0,0,0,0,0,0,0,0,,,,
1416267694.02331,pg_catalog,pg_shseclabel,0,0,0,0,0,0,0,0,0,0,0,0,0,0,,,,
1416267694.02331,pg_catalog,pg_foreign_table,0,0,0,0,0,0,0,0,0,0,0,0,0,0,,,,
1416267694.02331,information_schema,sql_packages,0,0,,,0,0,0,0,0,0,0,0,,,0,0,0,0
1416267694.02331,information_schema,sql_parts,0,0,,,0,0,0,0,0,0,0,0,,,0,0,0,0
1416267694.02331,pg_catalog,pg_attrdef,0,0,0,0,0,0,0,0,0,0,0,0,0,0,0,0,0,0
1416267694.02331,pg_catalog,pg_ts_template,0,0,0,0,0,0,0,0,0,0,0,0,0,0,,,,
1416267694.02331,pg_catalog,pg_foreign_server,0,0,0,0,0,0,0,0,0,0,0,0,0,0,,,,
1416267694.02331,public,partsupp,21,64000000,252006,43026536,8000000,0,0,0,8000000,0,2525922,11955439,218500,656279,,,,
1416267694.02331,pg_catalog,pg_default_acl,0,0,3196,0,0,0,0,0,0,0,0,0,378,2818,,,,
1416267694.02331,pg_toast,pg_toast_12198,0,0,0,0,0,0,0,0,0,0,0,0,0,0,,,,
1416267694.02331,pg_toast,pg_toast_12208,0,0,0,0,0,0,0,0,0,0,0,0,0,0,,,,
1416267694.02331,pg_catalog,pg_attribute,3179,21097,929190,1811173,6116,210,5938,174,1939,8,93456,908133,43914,1882388,,,,
1416267694.02331,pg_catalog,pg_statistic,0,0,214118,161928,1397,3336,1331,2915,450,122,38893,133161,20836,440588,3887,15816,1860,14641
1416267694.02331,pg_toast,pg_toast_12203,0,0,0,0,0,0,0,0,0,0,0,0,0,0,,,,
1416267694.02331,pg_toast,pg_toast_2618,0,0,12230,39716,0,0,0,0,0,0,9469,11902,3677,14731,,,,
1416267694.02331,pg_toast,pg_toast_3596,0,0,0,0,0,0,0,0,0,0,0,0,0,0,,,,
1416267694.02331,pg_catalog,pg_depend,0,0,33738,36365,6225,0,6135,0,6294,729,6329,42379,11008,85484,,,,
1416267694.02331,information_schema,sql_languages,0,0,,,0,0,0,0,0,0,0,0,,,0,0,0,0
1416267694.02331,pg_catalog,pg_opclass,578,578,180816,1966212,0,0,0,0,0,0,13238,669621,25942,211462,,,,
1416267694.02331,pg_catalog,pg_proc,0,0,395787,582827,0,0,0,0,0,0,70783,384367,69345,807345,0,0,0,0
1416267694.02331,information_schema,sql_implementation_info,0,0,,,0,0,0,0,0,0,0,0,,,0,0,0,0
1416267694.02331,pg_catalog,pg_trigger,0,0,0,0,0,0,0,0,0,0,0,0,0,0,0,0,0,0
1416267694.02331,pg_catalog,pg_am,39573,39573,0,0,0,0,0,0,0,0,7768,31805,0,0,,,,
1416267694.02331,pg_catalog,pg_largeobject_metadata,0,0,0,0,0,0,0,0,0,0,0,0,0,0,,,,
1416267694.02331,pg_catalog,pg_ts_config_map,0,0,0,0,0,0,0,0,0,0,0,0,0,0,,,,
1416267694.02331,pg_catalog,pg_type,0,0,746974,741234,1576,0,1557,0,349,24,23498,724755,29380,1492997,,,,
1416267694.02331,pg_catalog,pg_shdepend,0,0,4474,828,0,0,0,0,0,0,380,448,1697,4367,,,,
1416267694.02331,information_schema,sql_sizing,0,0,,,0,0,0,0,0,0,0,0,,,0,0,0,0
1416267694.02331,public,orders,118,600450000,21807905,81621908,15105000,0,90000,0,15015000,90000,5071376,33905668,447941,66212189,,,,
1416267694.02331,pg_catalog,pg_conversion,0,0,0,0,0,0,0,0,0,0,0,0,0,0,,,,
1416267694.02331,pg_catalog,pg_foreign_data_wrapper,0,0,0,0,0,0,0,0,0,0,0,0,0,0,,,,
1416267694.02331,pg_catalog,pg_opfamily,0,0,0,0,0,0,0,0,0,0,0,0,0,0,,,,
1416267694.02331,pg_catalog,pg_shdescription,0,0,0,0,0,0,0,0,0,0,0,0,0,0,0,0,0,0
1416267694.02331,pg_catalog,pg_tablespace,2,4,28963,28963,0,0,0,0,0,0,6154,22811,12342,45584,,,,
1416267694.02331,pg_catalog,pg_inherits,0,0,789,0,0,0,0,0,0,0,0,0,389,400,,,,
1416267694.02331,pg_toast,pg_toast_2606,0,0,0,0,0,0,0,0,0,0,0,0,0,0,,,,
1416267694.02331,pg_toast,pg_toast_2964,0,0,0,0,0,0,0,0,0,0,0,0,0,0,,,,
1416267694.02331,pg_catalog,pg_database,9144,36096,172018,172016,1,0,0,0,1,0,8146,173015,36684,218992,,,,
1416267694.02331,pg_toast,pg_toast_2620,0,0,0,0,0,0,0,0,0,0,0,0,0,0,,,,
1416267694.02331,pg_toast,pg_toast_12213,0,0,0,0,0,0,0,0,0,0,0,0,0,0,,,,
1416267694.02331,pg_catalog,pg_amproc,578,1156,140595,209090,0,0,0,0,0,0,9739,129234,26564,293430,,,,
1416267694.02331,public,time_statistics,145,13695,,,172,145,0,134,172,57,22,642,,,,,,
1416267694.02331,pg_catalog,pg_collation,0,0,0,0,0,0,0,0,0,0,0,0,0,0,,,,
1416267694.02331,pg_catalog,pg_constraint,0,0,328,160,168,0,160,0,10,48,94,927,170,1670,0,0,0,0
1416267694.02331,pg_catalog,pg_range,0,0,5241,0,0,0,0,0,0,0,0,0,7007,3475,,,,
1416267694.02331,pg_catalog,pg_user_mapping,0,0,0,0,0,0,0,0,0,0,0,0,0,0,,,,
1416267694.02331,pg_catalog,pg_largeobject,0,0,0,0,0,0,0,0,0,0,0,0,0,0,,,,
1416267694.02331,pg_catalog,pg_namespace,6457,174728,482123,446403,28,0,0,0,28,0,6752,446179,17444,505993,,,,
1416267694.02331,pg_catalog,pg_authid,3186,3186,71895,71895,0,0,0,0,0,0,6958,68123,25854,117936,,,,
1416267694.02331,pg_toast,pg_toast_12193,0,0,0,0,0,0,0,0,0,0,0,0,0,0,,,,
1416267694.02331,pg_catalog,pg_index,14190,1673028,313209,445798,769,0,741,0,138,45,29573,440902,28235,350855,,,,
1416267694.02331,pg_catalog,pg_ts_dict,0,0,0,0,0,0,0,0,0,0,0,0,0,0,,,,
1416267694.02331,information_schema,sql_features,0,0,,,0,0,0,0,0,0,0,0,,,0,0,0,0
1416267694.02331,pg_catalog,pg_class,36709,9133401,1405309,1360626,1568,398,1530,384,326,64,72628,1646350,60517,2814321,,,,
1416267694.02331,pg_toast,pg_toast_12183,0,0,0,0,0,0,0,0,0,0,0,0,0,0,,,,
1416267694.02331,public,lineitem,167,3781435593,4867223,531025998,60405001,0,359691,0,60045121,359691,62997303,69813940,4261827,26640182,,,,
1416267694.02331,information_schema,sql_sizing_profiles,0,0,,,0,0,0,0,0,0,0,0,,,0,0,0,0
1416267694.02331,pg_toast,pg_toast_2396,0,0,0,0,0,0,0,0,0,0,0,0,0,0,,,,
1416267694.02331,pg_catalog,pg_enum,0,0,0,0,0,0,0,0,0,0,0,0,0,0,,,,
1416267694.02331,pg_catalog,pg_db_role_setting,0,0,125604,0,0,0,0,0,0,0,0,0,7981,117623,0,0,0,0
1416267694.02331,pg_catalog,pg_seclabel,0,0,3645,0,0,0,0,0,0,0,0,0,421,3224,0,0,0,0
1416267694.02331,pg_toast,pg_toast_2609,0,0,0,0,0,0,0,0,0,0,0,0,0,0,,,,
1416267694.02331,public,nation,148,1100,13386535,13386823,25,0,0,0,25,0,9,13386572,35,13386665,,,,
1416267694.02331,pg_toast,pg_toast_1255,0,0,0,0,0,0,0,0,0,0,0,0,0,0,,,,
1416267694.02331,public,part,40,28000000,636,11889380,2000000,0,0,0,2000000,0,755038,629773,40605,5246,,,,
1416267694.02331,pg_catalog,pg_rewrite,0,0,23696,22502,398,0,398,0,106,69,10984,14656,4729,35829,9469,11902,3677,14731
1416267694.02331,pg_catalog,pg_ts_config,0,0,0,0,0,0,0,0,0,0,0,0,0,0,,,,
1416267694.02331,pg_catalog,pg_extension,0,0,0,0,0,0,0,0,0,0,0,0,0,0,,,,
1416267694.02331,pg_catalog,pg_amop,0,0,290881,404580,0,0,0,0,0,0,20678,383902,34985,594380,,,,
1416267694.02331,pg_catalog,pg_cast,0,0,922150,255372,0,0,0,0,0,0,8937,246435,11441,945500,,,,
1416267694.02331,public,region,32273,161080,154,154,5,0,0,0,5,0,14,32358,29,184,,,,
1416267694.02331,pg_toast,pg_toast_2619,0,0,12423,37624,799,0,548,0,261,32,3887,15816,1860,14641,,,,
1416267694.02331,pg_toast,pg_toast_2604,0,0,0,0,0,0,0,0,0,0,0,0,0,0,,,,
1416267754.02613,pg_catalog,pg_auth_members,0,0,0,0,0,0,0,0,0,0,0,0,0,0,,,,
1416267754.02613,pg_catalog,pg_operator,0,0,222001,937556,0,0,0,0,0,0,60473,615784,45773,452562,,,,
1416267754.02613,public,customer,64,37500000,770,11541796,1500000,0,0,0,1500000,0,757487,3771072,31557,3814,,,,
1416267754.02613,pg_catalog,pg_aggregate,0,0,14886,14886,0,0,0,0,0,0,4574,10312,9158,17448,,,,
1416267754.02613,pg_catalog,pg_pltemplate,0,0,0,0,0,0,0,0,0,0,0,0,0,0,,,,
1416267754.02613,public,supplier,91,2900000,13386564,13970344,100000,0,0,0,100000,0,36567,13468412,2896,26846417,,,,
1416267754.02613,pg_toast,pg_toast_12188,0,0,0,0,0,0,0,0,0,0,0,0,0,0,,,,
1416267754.02613,pg_catalog,pg_description,0,0,3653,0,0,0,0,0,0,0,0,0,1373,6724,0,0,0,0
1416267754.02613,pg_catalog,pg_language,0,0,0,0,0,0,0,0,0,0,0,0,0,0,,,,
1416267754.02613,pg_catalog,pg_ts_parser,0,0,0,0,0,0,0,0,0,0,0,0,0,0,,,,
1416267754.02613,pg_catalog,pg_shseclabel,0,0,0,0,0,0,0,0,0,0,0,0,0,0,,,,
1416267754.02613,pg_catalog,pg_foreign_table,0,0,0,0,0,0,0,0,0,0,0,0,0,0,,,,
1416267754.02613,information_schema,sql_packages,0,0,,,0,0,0,0,0,0,0,0,,,0,0,0,0
1416267754.02613,information_schema,sql_parts,0,0,,,0,0,0,0,0,0,0,0,,,0,0,0,0
1416267754.02613,pg_catalog,pg_attrdef,0,0,0,0,0,0,0,0,0,0,0,0,0,0,0,0,0,0
1416267754.02613,pg_catalog,pg_ts_template,0,0,0,0,0,0,0,0,0,0,0,0,0,0,,,,
1416267754.02613,pg_catalog,pg_foreign_server,0,0,0,0,0,0,0,0,0,0,0,0,0,0,,,,
1416267754.02613,public,partsupp,22,72000000,290137,44410802,8000000,0,0,0,8000000,0,2961224,13012146,242766,750429,,,,
1416267754.02613,pg_catalog,pg_default_acl,0,0,3204,0,0,0,0,0,0,0,0,0,380,2824,,,,
1416267754.02613,pg_toast,pg_toast_12198,0,0,0,0,0,0,0,0,0,0,0,0,0,0,,,,
1416267754.02613,pg_toast,pg_toast_12208,0,0,0,0,0,0,0,0,0,0,0,0,0,0,,,,
1416267754.02613,pg_catalog,pg_attribute,3179,21097,930529,1814110,6126,210,5948,174,1939,18,93513,909446,43925,1885192,,,,
1416267754.02613,pg_catalog,pg_statistic,0,0,214465,162261,1398,3336,1332,2915,450,123,38929,133463,20839,441345,3995,16058,1862,14906
1416267754.02613,pg_toast,pg_toast_12203,0,0,0,0,0,0,0,0,0,0,0,0,0,0,,,,
1416267754.02613,pg_toast,pg_toast_2618,0,0,12238,39742,0,0,0,0,0,0,9479,11906,3681,14739,,,,
1416267754.02613,pg_toast,pg_toast_3596,0,0,0,0,0,0,0,0,0,0,0,0,0,0,,,,
1416267754.02613,pg_catalog,pg_depend,0,0,33813,36441,6238,0,6148,0,6294,742,6352,42454,11055,85650,,,,
1416267754.02613,information_schema,sql_languages,0,0,,,0,0,0,0,0,0,0,0,,,0,0,0,0
1416267754.02613,pg_catalog,pg_opclass,578,578,181203,1969803,0,0,0,0,0,0,13238,670953,25945,211968,,,,
1416267754.02613,pg_catalog,pg_proc,0,0,396530,583867,0,0,0,0,0,0,70851,385109,69365,809010,0,0,0,0
1416267754.02613,information_schema,sql_implementation_info,0,0,,,0,0,0,0,0,0,0,0,,,0,0,0,0
1416267754.02613,pg_catalog,pg_trigger,0,0,0,0,0,0,0,0,0,0,0,0,0,0,0,0,0,0
1416267754.02613,pg_catalog,pg_am,39669,39669,0,0,0,0,0,0,0,0,7768,31901,0,0,,,,
1416267754.02613,pg_catalog,pg_largeobject_metadata,0,0,0,0,0,0,0,0,0,0,0,0,0,0,,,,
1416267754.02613,pg_catalog,pg_ts_config_map,0,0,0,0,0,0,0,0,0,0,0,0,0,0,,,,
1416267754.02613,pg_catalog,pg_type,0,0,749160,743403,1580,0,1561,0,349,28,23506,726930,29399,1497486,,,,
1416267754.02613,pg_catalog,pg_shdepend,0,0,4484,830,0,0,0,0,0,0,382,448,1704,4374,,,,
1416267754.02613,information_schema,sql_sizing,0,0,,,0,0,0,0,0,0,0,0,,,0,0,0,0
1416267754.02613,public,orders,130,780570000,21807934,85047702,15120000,0,105000,0,15015000,105000,5784412,36980802,461341,66345660,,,,
1416267754.02613,pg_catalog,pg_conversion,0,0,0,0,0,0,0,0,0,0,0,0,0,0,,,,
1416267754.02613,pg_catalog,pg_foreign_data_wrapper,0,0,0,0,0,0,0,0,0,0,0,0,0,0,,,,
1416267754.02613,pg_catalog,pg_opfamily,0,0,0,0,0,0,0,0,0,0,0,0,0,0,,,,
1416267754.02613,pg_catalog,pg_shdescription,0,0,0,0,0,0,0,0,0,0,0,0,0,0,0,0,0,0
1416267754.02613,pg_catalog,pg_tablespace,2,4,29027,29027,0,0,0,0,0,0,6154,22875,12342,45712,,,,
1416267754.02613,pg_catalog,pg_inherits,0,0,791,0,0,0,0,0,0,0,0,0,391,400,,,,
1416267754.02613,pg_toast,pg_toast_2606,0,0,0,0,0,0,0,0,0,0,0,0,0,0,,,,
1416267754.02613,pg_toast,pg_toast_2964,0,0,0,0,0,0,0,0,0,0,0,0,0,0,,,,
1416267754.02613,pg_catalog,pg_database,9148,36112,172344,172342,1,0,0,0,1,0,8146,173345,36684,219510,,,,
1416267754.02613,pg_toast,pg_toast_2620,0,0,0,0,0,0,0,0,0,0,0,0,0,0,,,,
1416267754.02613,pg_toast,pg_toast_12213,0,0,0,0,0,0,0,0,0,0,0,0,0,0,,,,
1416267754.02613,pg_catalog,pg_amproc,578,1156,140930,209586,0,0,0,0,0,0,9739,129554,26564,294195,,,,
1416267754.02613,public,time_statistics,173,18885,,,200,173,0,162,200,65,26,806,,,,,,
1416267754.02613,pg_catalog,pg_collation,0,0,0,0,0,0,0,0,0,0,0,0,0,0,,,,
1416267754.02613,pg_catalog,pg_constraint,0,0,328,160,168,0,160,0,10,48,94,927,170,1670,0,0,0,0
1416267754.02613,pg_catalog,pg_range,0,0,5269,0,0,0,0,0,0,0,0,0,7009,3529,,,,
1416267754.02613,pg_catalog,pg_user_mapping,0,0,0,0,0,0,0,0,0,0,0,0,0,0,,,,
1416267754.02613,pg_catalog,pg_largeobject,0,0,0,0,0,0,0,0,0,0,0,0,0,0,,,,
1416267754.02613,pg_catalog,pg_namespace,6461,174864,482672,446858,28,0,0,0,28,0,6752,446638,17448,506635,,,,
1416267754.02613,pg_catalog,pg_authid,3188,3188,72083,72083,0,0,0,0,0,0,6958,68313,25854,118312,,,,
1416267754.02613,pg_toast,pg_toast_12193,0,0,0,0,0,0,0,0,0,0,0,0,0,0,,,,
1416267754.02613,pg_catalog,pg_index,14198,1674132,313833,446701,770,0,742,0,138,46,29578,441809,28237,351611,,,,
1416267754.02613,pg_catalog,pg_ts_dict,0,0,0,0,0,0,0,0,0,0,0,0,0,0,,,,
1416267754.02613,information_schema,sql_features,0,0,,,0,0,0,0,0,0,0,0,,,0,0,0,0
1416267754.02613,pg_catalog,pg_class,36727,9138700,1407111,1362291,1571,399,1533,385,326,58,72638,1648203,60518,2818127,,,,
1416267754.02613,pg_toast,pg_toast_12183,0,0,0,0,0,0,0,0,0,0,0,0,0,0,,,,
1416267754.02613,public,lineitem,172,4081604173,4958982,660427255,60464756,0,420092,0,60044475,420092,69787036,82411511,4719757,28327156,,,,
1416267754.02613,information_schema,sql_sizing_profiles,0,0,,,0,0,0,0,0,0,0,0,,,0,0,0,0
1416267754.02613,pg_toast,pg_toast_2396,0,0,0,0,0,0,0,0,0,0,0,0,0,0,,,,
1416267754.02613,pg_catalog,pg_enum,0,0,0,0,0,0,0,0,0,0,0,0,0,0,,,,
1416267754.02613,pg_catalog,pg_db_role_setting,0,0,125892,0,0,0,0,0,0,0,0,0,7981,117911,0,0,0,0
1416267754.02613,pg_catalog,pg_seclabel,0,0,3653,0,0,0,0,0,0,0,0,0,422,3231,0,0,0,0
1416267754.02613,pg_toast,pg_toast_2609,0,0,0,0,0,0,0,0,0,0,0,0,0,0,,,,
1416267754.02613,public,nation,156,1300,13386574,13386934,25,0,0,0,25,0,10,13386618,39,13386707,,,,
1416267754.02613,pg_toast,pg_toast_1255,0,0,0,0,0,0,0,0,0,0,0,0,0,0,,,,
1416267754.02613,public,part,43,34000000,658,12233531,2000000,0,0,0,2000000,0,849625,716298,41677,5279,,,,
1416267754.02613,pg_catalog,pg_rewrite,0,0,23716,22519,399,0,399,0,106,70,10999,14664,4735,35857,9479,11906,3681,14739
1416267754.02613,pg_catalog,pg_ts_config,0,0,0,0,0,0,0,0,0,0,0,0,0,0,,,,
1416267754.02613,pg_catalog,pg_extension,0,0,0,0,0,0,0,0,0,0,0,0,0,0,,,,
1416267754.02613,pg_catalog,pg_amop,0,0,291460,405489,0,0,0,0,0,0,20678,384811,34990,595629,,,,
1416267754.02613,pg_catalog,pg_cast,0,0,924774,255999,0,0,0,0,0,0,8937,247062,11441,948216,,,,
1416267754.02613,public,region,32274,161085,156,156,5,0,0,0,5,0,15,32360,31,185,,,,
1416267754.02613,pg_toast,pg_toast_2619,0,0,12656,38400,801,0,550,0,261,34,3995,16058,1862,14906,,,,
1416267754.02613,pg_toast,pg_toast_2604,0,0,0,0,0,0,0,0,0,0,0,0,0,0,,,,
1416267814.02892,pg_catalog,pg_auth_members,0,0,0,0,0,0,0,0,0,0,0,0,0,0,,,,
1416267814.02892,pg_catalog,pg_operator,0,0,222392,939787,0,0,0,0,0,0,60492,617298,45785,453436,,,,
1416267814.02892,public,customer,66,40500000,831,13705594,1500000,0,0,0,1500000,0,880432,4133696,37924,4222,,,,
1416267814.02892,pg_catalog,pg_aggregate,0,0,14914,14914,0,0,0,0,0,0,4576,10338,9162,17493,,,,
1416267814.02892,pg_catalog,pg_pltemplate,0,0,0,0,0,0,0,0,0,0,0,0,0,0,,,,
1416267814.02892,public,supplier,92,3000000,19923639,20611487,100000,0,0,0,100000,0,37624,20017974,3216,39956229,,,,
1416267814.02892,pg_toast,pg_toast_12188,0,0,0,0,0,0,0,0,0,0,0,0,0,0,,,,
1416267814.02892,pg_catalog,pg_description,0,0,3661,0,0,0,0,0,0,0,0,0,1377,6738,0,0,0,0
1416267814.02892,pg_catalog,pg_language,0,0,0,0,0,0,0,0,0,0,0,0,0,0,,,,
1416267814.02892,pg_catalog,pg_ts_parser,0,0,0,0,0,0,0,0,0,0,0,0,0,0,,,,
1416267814.02892,pg_catalog,pg_shseclabel,0,0,0,0,0,0,0,0,0,0,0,0,0,0,,,,
1416267814.02892,pg_catalog,pg_foreign_table,0,0,0,0,0,0,0,0,0,0,0,0,0,0,,,,
1416267814.02892,information_schema,sql_packages,0,0,,,0,0,0,0,0,0,0,0,,,0,0,0,0
1416267814.02892,information_schema,sql_parts,0,0,,,0,0,0,0,0,0,0,0,,,0,0,0,0
1416267814.02892,pg_catalog,pg_attrdef,0,0,0,0,0,0,0,0,0,0,0,0,0,0,0,0,0,0
1416267814.02892,pg_catalog,pg_ts_template,0,0,0,0,0,0,0,0,0,0,0,0,0,0,,,,
1416267814.02892,pg_catalog,pg_foreign_server,0,0,0,0,0,0,0,0,0,0,0,0,0,0,,,,
1416267814.02892,public,partsupp,23,80000000,306187,61690610,8000000,0,0,0,8000000,0,3429505,14819411,295591,793025,,,,
1416267814.02892,pg_catalog,pg_default_acl,0,0,3212,0,0,0,0,0,0,0,0,0,381,2831,,,,
1416267814.02892,pg_toast,pg_toast_12198,0,0,0,0,0,0,0,0,0,0,0,0,0,0,,,,
1416267814.02892,pg_toast,pg_toast_12208,0,0,0,0,0,0,0,0,0,0,0,0,0,0,,,,
1416267814.02892,pg_catalog,pg_attribute,3190,21170,931811,1816961,6136,210,5958,174,2425,48,93615,910862,43935,1887867,,,,
1416267814.02892,pg_catalog,pg_statistic,0,0,214787,162569,1399,3360,1333,2937,450,131,38988,133750,20844,442043,4109,16254,1864,15139
1416267814.02892,pg_toast,pg_toast_12203,0,0,0,0,0,0,0,0,0,0,0,0,0,0,,,,
1416267814.02892,pg_toast,pg_toast_2618,0,0,12246,39768,0,0,0,0,0,0,9489,11910,3685,14747,,,,
1416267814.02892,pg_toast,pg_toast_3596,0,0,0,0,0,0,0,0,0,0,0,0,0,0,,,,
1416267814.02892,pg_catalog,pg_depend,0,0,33888,36517,6251,0,6161,0,6294,755,6373,42531,11093,85818,,,,
1416267814.02892,information_schema,sql_languages,0,0,,,0,0,0,0,0,0,0,0,,,0,0,0,0
1416267814.02892,pg_catalog,pg_opclass,580,580,181562,1973730,0,0,0,0,0,0,13238,672324,25948,212428,,,,
1416267814.02892,pg_catalog,pg_proc,0,0,397117,584682,0,0,0,0,0,0,70916,385692,69392,810322,0,0,0,0
1416267814.02892,information_schema,sql_implementation_info,0,0,,,0,0,0,0,0,0,0,0,,,0,0,0,0
1416267814.02892,pg_catalog,pg_trigger,0,0,0,0,0,0,0,0,0,0,0,0,0,0,0,0,0,0
1416267814.02892,pg_catalog,pg_am,39747,39747,0,0,0,0,0,0,0,0,7769,31978,0,0,,,,
1416267814.02892,pg_catalog,pg_largeobject_metadata,0,0,0,0,0,0,0,0,0,0,0,0,0,0,,,,
1416267814.02892,pg_catalog,pg_ts_config_map,0,0,0,0,0,0,0,0,0,0,0,0,0,0,,,,
1416267814.02892,pg_catalog,pg_type,0,0,750866,745092,1584,0,1565,0,349,32,23516,728623,29418,1500994,,,,
1416267814.02892,pg_catalog,pg_shdepend,0,0,4494,832,0,0,0,0,0,0,384,448,1711,4381,,,,
1416267814.02892,information_schema,sql_sizing,0,0,,,0,0,0,0,0,0,0,0,,,0,0,0,0
1416267814.02892,public,orders,139,915690000,29804354,99316894,15135000,0,120000,0,15015000,120000,6085471,47932986,525313,90468876,,,,
1416267814.02892,pg_catalog,pg_conversion,0,0,0,0,0,0,0,0,0,0,0,0,0,0,,,,
1416267814.02892,pg_catalog,pg_foreign_data_wrapper,0,0,0,0,0,0,0,0,0,0,0,0,0,0,,,,
1416267814.02892,pg_catalog,pg_opfamily,0,0,0,0,0,0,0,0,0,0,0,0,0,0,,,,
1416267814.02892,pg_catalog,pg_shdescription,0,0,0,0,0,0,0,0,0,0,0,0,0,0,0,0,0,0
1416267814.02892,pg_catalog,pg_tablespace,2,4,29079,29079,0,0,0,0,0,0,6155,22926,12344,45814,,,,
1416267814.02892,pg_catalog,pg_inherits,0,0,793,0,0,0,0,0,0,0,0,0,393,400,,,,
1416267814.02892,pg_toast,pg_toast_2606,0,0,0,0,0,0,0,0,0,0,0,0,0,0,,,,
1416267814.02892,pg_toast,pg_toast_2964,0,0,0,0,0,0,0,0,0,0,0,0,0,0,,,,
1416267814.02892,pg_catalog,pg_database,9152,36128,172615,172613,1,0,0,0,1,0,8146,173620,36687,219934,,,,
1416267814.02892,pg_toast,pg_toast_2620,0,0,0,0,0,0,0,0,0,0,0,0,0,0,,,,
1416267814.02892,pg_toast,pg_toast_12213,0,0,0,0,0,0,0,0,0,0,0,0,0,0,,,,
1416267814.02892,pg_catalog,pg_amproc,580,1160,141230,210011,0,0,0,0,0,0,9741,129841,26565,294871,,,,
1416267814.02892,public,time_statistics,195,23515,,,222,195,0,184,222,87,34,933,,,,,,
1416267814.02892,pg_catalog,pg_collation,0,0,0,0,0,0,0,0,0,0,0,0,0,0,,,,
1416267814.02892,pg_catalog,pg_constraint,0,0,328,160,168,0,160,0,10,48,94,927,170,1670,0,0,0,0
1416267814.02892,pg_catalog,pg_range,0,0,5292,0,0,0,0,0,0,0,0,0,7013,3571,,,,
1416267814.02892,pg_catalog,pg_user_mapping,0,0,0,0,0,0,0,0,0,0,0,0,0,0,,,,
1416267814.02892,pg_catalog,pg_largeobject,0,0,0,0,0,0,0,0,0,0,0,0,0,0,,,,
1416267814.02892,pg_catalog,pg_namespace,6465,175000,483169,447279,28,0,0,0,28,0,6752,447063,17454,507206,,,,
1416267814.02892,pg_catalog,pg_authid,3190,3190,72236,72236,0,0,0,0,0,0,6958,68468,25858,118614,,,,
1416267814.02892,pg_toast,pg_toast_12193,0,0,0,0,0,0,0,0,0,0,0,0,0,0,,,,
1416267814.02892,pg_catalog,pg_index,14213,1675243,314420,447521,771,0,743,0,138,47,29583,442641,28240,352306,,,,
1416267814.02892,pg_catalog,pg_ts_dict,0,0,0,0,0,0,0,0,0,0,0,0,0,0,,,,
1416267814.02892,information_schema,sql_features,0,0,,,0,0,0,0,0,0,0,0,,,0,0,0,0
1416267814.02892,pg_catalog,pg_class,36756,9144010,1408818,1363879,1574,400,1536,386,326,62,72655,1650013,60523,2821703,,,,
1416267814.02892,pg_toast,pg_toast_12183,0,0,0,0,0,0,0,0,0,0,0,0,0,0,,,,
1416267814.02892,public,lineitem,179,4501860298,5688811,805976566,60524319,0,480237,0,60043893,480237,77326008,90577889,5498032,32282332,,,,
1416267814.02892,information_schema,sql_sizing_profiles,0,0,,,0,0,0,0,0,0,0,0,,,0,0,0,0
1416267814.02892,pg_toast,pg_toast_2396,0,0,0,0,0,0,0,0,0,0,0,0,0,0,,,,
1416267814.02892,pg_catalog,pg_enum,0,0,0,0,0,0,0,0,0,0,0,0,0,0,,,,
1416267814.02892,pg_catalog,pg_db_role_setting,0,0,126126,0,0,0,0,0,0,0,0,0,7981,118145,0,0,0,0
1416267814.02892,pg_catalog,pg_seclabel,0,0,3661,0,0,0,0,0,0,0,0,0,423,3238,0,0,0,0
1416267814.02892,pg_toast,pg_toast_2609,0,0,0,0,0,0,0,0,0,0,0,0,0,0,,,,
1416267814.02892,public,nation,163,1475,19923627,19924011,25,0,0,0,25,0,10,19923678,44,19923762,,,,
1416267814.02892,pg_toast,pg_toast_1255,0,0,0,0,0,0,0,0,0,0,0,0,0,0,,,,
1416267814.02892,public,part,45,38000000,689,12565545,2000000,0,0,0,2000000,0,964264,734393,42670,5336,,,,
1416267814.02892,pg_catalog,pg_rewrite,0,0,23736,22536,400,0,400,0,106,71,11014,14672,4741,35885,9489,11910,3685,14747
1416267814.02892,pg_catalog,pg_ts_config,0,0,0,0,0,0,0,0,0,0,0,0,0,0,,,,
1416267814.02892,pg_catalog,pg_extension,0,0,0,0,0,0,0,0,0,0,0,0,0,0,,,,
1416267814.02892,pg_catalog,pg_amop,0,0,291980,406266,0,0,0,0,0,0,20682,385584,34994,596745,,,,
1416267814.02892,pg_catalog,pg_cast,0,0,927057,256487,0,0,0,0,0,0,8939,247548,11442,950573,,,,
1416267814.02892,public,region,32275,161090,158,158,5,0,0,0,5,0,16,32362,33,186,,,,
1416267814.02892,pg_toast,pg_toast_2619,0,0,12858,39044,807,0,556,0,261,40,4109,16254,1864,15139,,,,
1416267814.02892,pg_toast,pg_toast_2604,0,0,0,0,0,0,0,0,0,0,0,0,0,0,,,,
1416267874.0309,pg_catalog,pg_auth_members,0,0,0,0,0,0,0,0,0,0,0,0,0,0,,,,
1416267874.0309,pg_catalog,pg_operator,0,0,222876,942792,0,0,0,0,0,0,60496,619359,45788,454513,,,,
1416267874.0309,public,customer,71,48000000,865,14305556,1500000,0,0,0,1500000,0,1021536,4349600,39922,4303,,,,
1416267874.0309,pg_catalog,pg_aggregate,0,0,14940,14940,0,0,0,0,0,0,4577,10363,9165,17539,,,,
1416267874.0309,pg_catalog,pg_pltemplate,0,0,0,0,0,0,0,0,0,0,0,0,0,0,,,,
1416267874.0309,public,supplier,100,3400000,26573359,27269151,100000,0,0,0,100000,0,37626,26680124,3233,53291836,,,,
1416267874.0309,pg_toast,pg_toast_12188,0,0,0,0,0,0,0,0,0,0,0,0,0,0,,,,
1416267874.0309,pg_catalog,pg_description,0,0,3665,0,0,0,0,0,0,0,0,0,1380,6744,0,0,0,0
1416267874.0309,pg_catalog,pg_language,0,0,0,0,0,0,0,0,0,0,0,0,0,0,,,,
1416267874.0309,pg_catalog,pg_ts_parser,0,0,0,0,0,0,0,0,0,0,0,0,0,0,,,,
1416267874.0309,pg_catalog,pg_shseclabel,0,0,0,0,0,0,0,0,0,0,0,0,0,0,,,,
1416267874.0309,pg_catalog,pg_foreign_table,0,0,0,0,0,0,0,0,0,0,0,0,0,0,,,,
1416267874.0309,information_schema,sql_packages,0,0,,,0,0,0,0,0,0,0,0,,,0,0,0,0
1416267874.0309,information_schema,sql_parts,0,0,,,0,0,0,0,0,0,0,0,,,0,0,0,0
1416267874.0309,pg_catalog,pg_attrdef,0,0,0,0,0,0,0,0,0,0,0,0,0,0,0,0,0,0
1416267874.0309,pg_catalog,pg_ts_template,0,0,0,0,0,0,0,0,0,0,0,0,0,0,,,,
1416267874.0309,pg_catalog,pg_foreign_server,0,0,0,0,0,0,0,0,0,0,0,0,0,0,,,,
1416267874.0309,public,partsupp,23,80000000,415097,83284368,8000000,0,0,0,8000000,0,3705843,20843621,409782,1065170,,,,
1416267874.0309,pg_catalog,pg_default_acl,0,0,3216,0,0,0,0,0,0,0,0,0,382,2834,,,,
1416267874.0309,pg_toast,pg_toast_12198,0,0,0,0,0,0,0,0,0,0,0,0,0,0,,,,
1416267874.0309,pg_toast,pg_toast_12208,0,0,0,0,0,0,0,0,0,0,0,0,0,0,,,,
1416267874.0309,pg_catalog,pg_attribute,3201,21243,933241,1820098,6144,210,5966,174,2425,56,93659,912419,43943,1890835,,,,
1416267874.0309,pg_catalog,pg_statistic,0,0,215180,162949,1400,3360,1334,2937,476,0,39060,134161,20848,442887,4239,16523,1865,15427
1416267874.0309,pg_toast,pg_toast_12203,0,0,0,0,0,0,0,0,0,0,0,0,0,0,,,,
1416267874.0309,pg_toast,pg_toast_2618,0,0,12254,39794,0,0,0,0,0,0,9499,11914,3688,14756,,,,
1416267874.0309,pg_toast,pg_toast_3596,0,0,0,0,0,0,0,0,0,0,0,0,0,0,,,,
1416267874.0309,pg_catalog,pg_depend,0,0,33919,36541,6255,0,6165,0,6294,759,6381,42559,11111,85880,,,,
1416267874.0309,information_schema,sql_languages,0,0,,,0,0,0,0,0,0,0,0,,,0,0,0,0
1416267874.0309,pg_catalog,pg_opclass,582,582,181962,1978098,0,0,0,0,0,0,13238,673894,25950,212934,,,,
1416267874.0309,pg_catalog,pg_proc,0,0,397762,585602,0,0,0,0,0,0,70971,386353,69405,811774,0,0,0,0
1416267874.0309,information_schema,sql_implementation_info,0,0,,,0,0,0,0,0,0,0,0,,,0,0,0,0
1416267874.0309,pg_catalog,pg_trigger,0,0,0,0,0,0,0,0,0,0,0,0,0,0,0,0,0,0
1416267874.0309,pg_catalog,pg_am,39830,39830,0,0,0,0,0,0,0,0,7769,32061,0,0,,,,
1416267874.0309,pg_catalog,pg_largeobject_metadata,0,0,0,0,0,0,0,0,0,0,0,0,0,0,,,,
1416267874.0309,pg_catalog,pg_ts_config_map,0,0,0,0,0,0,0,0,0,0,0,0,0,0,,,,
1416267874.0309,pg_catalog,pg_type,0,0,752796,747016,1586,0,1567,0,349,34,23520,730550,29427,1504950,,,,
1416267874.0309,pg_catalog,pg_shdepend,0,0,4499,833,0,0,0,0,0,0,385,448,1715,4384,,,,
1416267874.0309,information_schema,sql_sizing,0,0,,,0,0,0,0,0,0,0,0,,,0,0,0,0
1416267874.0309,public,orders,144,990735000,36353000,112723529,15150000,0,135000,0,15015000,135000,6098512,56937146,546275,110285044,,,,
1416267874.0309,pg_catalog,pg_conversion,0,0,0,0,0,0,0,0,0,0,0,0,0,0,,,,
1416267874.0309,pg_catalog,pg_foreign_data_wrapper,0,0,0,0,0,0,0,0,0,0,0,0,0,0,,,,
1416267874.0309,pg_catalog,pg_opfamily,0,0,0,0,0,0,0,0,0,0,0,0,0,0,,,,
1416267874.0309,pg_catalog,pg_shdescription,0,0,0,0,0,0,0,0,0,0,0,0,0,0,0,0,0,0
1416267874.0309,pg_catalog,pg_tablespace,2,4,29135,29135,0,0,0,0,0,0,6155,22982,12344,45926,,,,
1416267874.0309,pg_catalog,pg_inherits,0,0,794,0,0,0,0,0,0,0,0,0,394,400,,,,
1416267874.0309,pg_toast,pg_toast_2606,0,0,0,0,0,0,0,0,0,0,0,0,0,0,,,,
1416267874.0309,pg_toast,pg_toast_2964,0,0,0,0,0,0,0,0,0,0,0,0,0,0,,,,
1416267874.0309,pg_catalog,pg_database,9156,36144,172902,172900,1,0,0,0,1,0,8146,173911,36687,220387,,,,
1416267874.0309,pg_toast,pg_toast_2620,0,0,0,0,0,0,0,0,0,0,0,0,0,0,,,,
1416267874.0309,pg_toast,pg_toast_12213,0,0,0,0,0,0,0,0,0,0,0,0,0,0,,,,
1416267874.0309,pg_catalog,pg_amproc,582,1164,141544,210462,0,0,0,0,0,0,9743,130147,26565,295581,,,,
1416267874.0309,public,time_statistics,219,29118,,,246,219,0,207,246,70,39,1092,,,,,,
1416267874.0309,pg_catalog,pg_collation,0,0,0,0,0,0,0,0,0,0,0,0,0,0,,,,
1416267874.0309,pg_catalog,pg_constraint,0,0,328,160,168,0,160,0,10,48,94,927,170,1670,0,0,0,0
1416267874.0309,pg_catalog,pg_range,0,0,5317,0,0,0,0,0,0,0,0,0,7013,3621,,,,
1416267874.0309,pg_catalog,pg_user_mapping,0,0,0,0,0,0,0,0,0,0,0,0,0,0,,,,
1416267874.0309,pg_catalog,pg_largeobject,0,0,0,0,0,0,0,0,0,0,0,0,0,0,,,,
1416267874.0309,pg_catalog,pg_namespace,6469,175136,483683,447711,28,0,0,0,28,0,6752,447499,17459,507800,,,,
1416267874.0309,pg_catalog,pg_authid,3192,3192,72399,72399,0,0,0,0,0,0,6958,68633,25858,118940,,,,
1416267874.0309,pg_toast,pg_toast_12193,0,0,0,0,0,0,0,0,0,0,0,0,0,0,,,,
1416267874.0309,pg_catalog,pg_index,14228,1676354,315081,448461,772,0,744,0,138,48,29588,443600,28241,353084,,,,
1416267874.0309,pg_catalog,pg_ts_dict,0,0,0,0,0,0,0,0,0,0,0,0,0,0,,,,
1416267874.0309,information_schema,sql_features,0,0,,,0,0,0,0,0,0,0,0,,,0,0,0,0
1416267874.0309,pg_catalog,pg_class,36785,9149320,1410655,1365581,1576,400,1538,386,326,64,72660,1651940,60524,2825550,,,,
1416267874.0309,pg_toast,pg_toast_12183,0,0,0,0,0,0,0,0,0,0,0,0,0,0,,,,
1416267874.0309,public,lineitem,188,5042141466,5830333,900209472,60584573,0,540397,0,60043987,540397,87545227,99637826,5915027,34132963,,,,
1416267874.0309,information_schema,sql_sizing_profiles,0,0,,,0,0,0,0,0,0,0,0,,,0,0,0,0
1416267874.0309,pg_toast,pg_toast_2396,0,0,0,0,0,0,0,0,0,0,0,0,0,0,,,,
1416267874.0309,pg_catalog,pg_enum,0,0,0,0,0,0,0,0,0,0,0,0,0,0,,,,
1416267874.0309,pg_catalog,pg_db_role_setting,0,0,126375,0,0,0,0,0,0,0,0,0,7981,118394,0,0,0,0
1416267874.0309,pg_catalog,pg_seclabel,0,0,3665,0,0,0,0,0,0,0,0,0,424,3241,0,0,0,0
1416267874.0309,pg_toast,pg_toast_2609,0,0,0,0,0,0,0,0,0,0,0,0,0,0,,,,
1416267874.0309,public,nation,173,1725,26573337,26573721,25,0,0,0,25,0,10,26573398,50,26573477,,,,
1416267874.0309,pg_toast,pg_toast_1255,0,0,0,0,0,0,0,0,0,0,0,0,0,0,,,,
1416267874.0309,public,part,49,46000000,764,18621224,2000000,0,0,0,2000000,0,1190572,840691,61852,6586,,,,
1416267874.0309,pg_catalog,pg_rewrite,0,0,23750,22550,400,0,400,0,106,71,11024,14676,4743,35907,9499,11914,3688,14756
1416267874.0309,pg_catalog,pg_ts_config,0,0,0,0,0,0,0,0,0,0,0,0,0,0,,,,
1416267874.0309,pg_catalog,pg_extension,0,0,0,0,0,0,0,0,0,0,0,0,0,0,,,,
1416267874.0309,pg_catalog,pg_amop,0,0,292579,407168,0,0,0,0,0,0,20682,386486,34996,598025,,,,
1416267874.0309,pg_catalog,pg_cast,0,0,929583,257068,0,0,0,0,0,0,8939,248129,11442,953179,,,,
1416267874.0309,public,region,51565,257525,172,172,5,0,0,0,5,0,17,51662,40,197,,,,
1416267874.0309,pg_toast,pg_toast_2619,0,0,13117,39983,809,0,558,0,261,42,4239,16523,1865,15427,,,,
1416267874.0309,pg_toast,pg_toast_2604,0,0,0,0,0,0,0,0,0,0,0,0,0,0,,,,
1416267934.03729,pg_catalog,pg_auth_members,0,0,0,0,0,0,0,0,0,0,0,0,0,0,,,,
1416267934.03729,pg_catalog,pg_operator,0,0,223304,945464,0,0,0,0,0,0,60502,621196,45791,455473,,,,
1416267934.03729,public,customer,75,54000000,924,15898816,1500000,0,0,0,1500000,0,1112214,4854437,44694,4407,,,,
1416267934.03729,pg_catalog,pg_aggregate,0,0,14971,14971,0,0,0,0,0,0,4577,10394,9167,17589,,,,
1416267934.03729,pg_catalog,pg_pltemplate,0,0,0,0,0,0,0,0,0,0,0,0,0,0,,,,
1416267934.03729,public,supplier,111,4100000,26625395,27412217,100000,0,0,0,100000,0,39754,26751071,3266,53396424,,,,
1416267934.03729,pg_toast,pg_toast_12188,0,0,0,0,0,0,0,0,0,0,0,0,0,0,,,,
1416267934.03729,pg_catalog,pg_description,0,0,3673,0,0,0,0,0,0,0,0,0,1386,6756,0,0,0,0
1416267934.03729,pg_catalog,pg_language,0,0,0,0,0,0,0,0,0,0,0,0,0,0,,,,
1416267934.03729,pg_catalog,pg_ts_parser,0,0,0,0,0,0,0,0,0,0,0,0,0,0,,,,
1416267934.03729,pg_catalog,pg_shseclabel,0,0,0,0,0,0,0,0,0,0,0,0,0,0,,,,
1416267934.03729,pg_catalog,pg_foreign_table,0,0,0,0,0,0,0,0,0,0,0,0,0,0,,,,
1416267934.03729,information_schema,sql_packages,0,0,,,0,0,0,0,0,0,0,0,,,0,0,0,0
1416267934.03729,information_schema,sql_parts,0,0,,,0,0,0,0,0,0,0,0,,,0,0,0,0
1416267934.03729,pg_catalog,pg_attrdef,0,0,0,0,0,0,0,0,0,0,0,0,0,0,0,0,0,0
1416267934.03729,pg_catalog,pg_ts_template,0,0,0,0,0,0,0,0,0,0,0,0,0,0,,,,
1416267934.03729,pg_catalog,pg_foreign_server,0,0,0,0,0,0,0,0,0,0,0,0,0,0,,,,
1416267934.03729,public,partsupp,24,88000000,519921,87362786,8000000,0,0,0,8000000,0,4290409,24345109,473875,1327170,,,,
1416267934.03729,pg_catalog,pg_default_acl,0,0,3224,0,0,0,0,0,0,0,0,0,384,2840,,,,
1416267934.03729,pg_toast,pg_toast_12198,0,0,0,0,0,0,0,0,0,0,0,0,0,0,,,,
1416267934.03729,pg_toast,pg_toast_12208,0,0,0,0,0,0,0,0,0,0,0,0,0,0,,,,
1416267934.03729,pg_catalog,pg_attribute,3201,21243,934506,1822766,6154,210,5976,174,2425,66,93704,913667,43951,1893476,,,,
1416267934.03729,pg_catalog,pg_statistic,0,0,215524,163279,1401,3363,1335,2940,476,3,39096,134464,20850,443628,4377,16731,1865,15674
1416267934.03729,pg_toast,pg_toast_12203,0,0,0,0,0,0,0,0,0,0,0,0,0,0,,,,
1416267934.03729,pg_toast,pg_toast_2618,0,0,12262,39820,0,0,0,0,0,0,9509,11918,3691,14765,,,,
1416267934.03729,pg_toast,pg_toast_3596,0,0,0,0,0,0,0,0,0,0,0,0,0,0,,,,
1416267934.03729,pg_catalog,pg_depend,0,0,33994,36617,6268,0,6178,0,6294,772,6403,42635,11147,86050,,,,
1416267934.03729,information_schema,sql_languages,0,0,,,0,0,0,0,0,0,0,0,,,0,0,0,0
1416267934.03729,pg_catalog,pg_opclass,582,582,182332,1982208,0,0,0,0,0,0,13238,675363,25950,213407,,,,
1416267934.03729,pg_catalog,pg_proc,0,0,398382,586487,0,0,0,0,0,0,71044,386962,69425,813156,0,0,0,0
1416267934.03729,information_schema,sql_implementation_info,0,0,,,0,0,0,0,0,0,0,0,,,0,0,0,0
1416267934.03729,pg_catalog,pg_trigger,0,0,0,0,0,0,0,0,0,0,0,0,0,0,0,0,0,0
1416267934.03729,pg_catalog,pg_am,39908,39908,0,0,0,0,0,0,0,0,7769,32139,0,0,,,,
1416267934.03729,pg_catalog,pg_largeobject_metadata,0,0,0,0,0,0,0,0,0,0,0,0,0,0,,,,
1416267934.03729,pg_catalog,pg_ts_config_map,0,0,0,0,0,0,0,0,0,0,0,0,0,0,,,,
1416267934.03729,pg_catalog,pg_type,0,0,754575,748780,1590,0,1571,0,349,38,23529,732319,29440,1508608,,,,
1416267934.03729,pg_catalog,pg_shdepend,0,0,4509,835,0,0,0,0,0,0,387,448,1723,4390,,,,
1416267934.03729,information_schema,sql_sizing,0,0,,,0,0,0,0,0,0,0,0,,,0,0,0,0
1416267934.03729,public,orders,150,1080780000,36353026,118422341,15165000,0,150000,0,15015000,150000,6314829,59242237,565108,110418363,,,,
1416267934.03729,pg_catalog,pg_conversion,0,0,0,0,0,0,0,0,0,0,0,0,0,0,,,,
1416267934.03729,pg_catalog,pg_foreign_data_wrapper,0,0,0,0,0,0,0,0,0,0,0,0,0,0,,,,
1416267934.03729,pg_catalog,pg_opfamily,0,0,0,0,0,0,0,0,0,0,0,0,0,0,,,,
1416267934.03729,pg_catalog,pg_shdescription,0,0,0,0,0,0,0,0,0,0,0,0,0,0,0,0,0,0
1416267934.03729,pg_catalog,pg_tablespace,2,4,29187,29187,0,0,0,0,0,0,6155,23034,12344,46030,,,,
1416267934.03729,pg_catalog,pg_inherits,0,0,796,0,0,0,0,0,0,0,0,0,396,400,,,,
1416267934.03729,pg_toast,pg_toast_2606,0,0,0,0,0,0,0,0,0,0,0,0,0,0,,,,
1416267934.03729,pg_toast,pg_toast_2964,0,0,0,0,0,0,0,0,0,0,0,0,0,0,,,,
1416267934.03729,pg_catalog,pg_database,9160,36160,173173,173171,1,0,0,0,1,0,8146,174186,36687,220814,,,,
1416267934.03729,pg_toast,pg_toast_2620,0,0,0,0,0,0,0,0,0,0,0,0,0,0,,,,
1416267934.03729,pg_toast,pg_toast_12213,0,0,0,0,0,0,0,0,0,0,0,0,0,0,,,,
1416267934.03729,pg_catalog,pg_amproc,582,1164,141833,210876,0,0,0,0,0,0,9743,130423,26565,296236,,,,
1416267934.03729,public,time_statistics,241,34760,,,268,241,0,229,268,92,51,1238,,,,,,
1416267934.03729,pg_catalog,pg_collation,0,0,0,0,0,0,0,0,0,0,0,0,0,0,,,,
1416267934.03729,pg_catalog,pg_constraint,0,0,328,160,168,0,160,0,10,48,94,927,170,1670,0,0,0,0
1416267934.03729,pg_catalog,pg_range,0,0,5339,0,0,0,0,0,0,0,0,0,7019,3659,,,,
1416267934.03729,pg_catalog,pg_user_mapping,0,0,0,0,0,0,0,0,0,0,0,0,0,0,,,,
1416267934.03729,pg_catalog,pg_largeobject,0,0,0,0,0,0,0,0,0,0,0,0,0,0,,,,
1416267934.03729,pg_catalog,pg_namespace,6473,175272,484184,448135,28,0,0,0,28,0,6752,447927,17465,508376,,,,
1416267934.03729,pg_catalog,pg_authid,3194,3194,72552,72552,0,0,0,0,0,0,6958,68788,25858,119246,,,,
1416267934.03729,pg_toast,pg_toast_12193,0,0,0,0,0,0,0,0,0,0,0,0,0,0,,,,
1416267934.03729,pg_catalog,pg_index,14236,1677458,315636,449254,773,0,745,0,138,49,29591,444396,28241,353750,,,,
1416267934.03729,pg_catalog,pg_ts_dict,0,0,0,0,0,0,0,0,0,0,0,0,0,0,,,,
1416267934.03729,information_schema,sql_features,0,0,,,0,0,0,0,0,0,0,0,,,0,0,0,0
1416267934.03729,pg_catalog,pg_class,36803,9154619,1412319,1367121,1579,401,1541,387,326,68,72668,1653671,60525,2829045,,,,
1416267934.03729,pg_toast,pg_toast_12183,0,0,0,0,0,0,0,0,0,0,0,0,0,0,,,,
1416267934.03729,public,lineitem,196,5522194201,6004905,966934987,60645061,0,600189,0,60044683,600189,95408636,111341231,6237766,36136266,,,,
1416267934.03729,information_schema,sql_sizing_profiles,0,0,,,0,0,0,0,0,0,0,0,,,0,0,0,0
1416267934.03729,pg_toast,pg_toast_2396,0,0,0,0,0,0,0,0,0,0,0,0,0,0,,,,
1416267934.03729,pg_catalog,pg_enum,0,0,0,0,0,0,0,0,0,0,0,0,0,0,,,,
1416267934.03729,pg_catalog,pg_db_role_setting,0,0,126609,0,0,0,0,0,0,0,0,0,7981,118628,0,0,0,0
1416267934.03729,pg_catalog,pg_seclabel,0,0,3673,0,0,0,0,0,0,0,0,0,426,3247,0,0,0,0
1416267934.03729,pg_toast,pg_toast_2609,0,0,0,0,0,0,0,0,0,0,0,0,0,0,,,,
1416267934.03729,public,nation,182,1950,26625384,26625840,25,0,0,0,25,0,10,26625454,58,26625526,,,,
1416267934.03729,pg_toast,pg_toast_1255,0,0,0,0,0,0,0,0,0,0,0,0,0,0,,,,
1416267934.03729,public,part,49,46000000,790,22985019,2000000,0,0,0,2000000,0,1305463,882724,73774,6849,,,,
1416267934.03729,pg_catalog,pg_rewrite,0,0,23771,22568,401,0,401,0,106,72,11041,14685,4749,35937,9509,11918,3691,14765
1416267934.03729,pg_catalog,pg_ts_config,0,0,0,0,0,0,0,0,0,0,0,0,0,0,,,,
1416267934.03729,pg_catalog,pg_extension,0,0,0,0,0,0,0,0,0,0,0,0,0,0,,,,
1416267934.03729,pg_catalog,pg_amop,0,0,293108,407957,0,0,0,0,0,0,20682,387275,35001,599158,,,,
1416267934.03729,pg_catalog,pg_cast,0,0,931914,257611,0,0,0,0,0,0,8939,248672,11442,955585,,,,
1416267934.03729,public,region,64569,322535,184,184,5,0,0,0,5,0,18,64675,46,207,,,,
1416267934.03729,pg_toast,pg_toast_2619,0,0,13336,40795,811,0,560,0,261,44,4377,16731,1865,15674,,,,
1416267934.03729,pg_toast,pg_toast_2604,0,0,0,0,0,0,0,0,0,0,0,0,0,0,,,,
1416267994.0407,pg_catalog,pg_auth_members,0,0,0,0,0,0,0,0,0,0,0,0,0,0,,,,
1416267994.0407,pg_catalog,pg_operator,0,0,223669,947646,0,0,0,0,0,0,60511,622688,45801,456285,,,,
1416267994.0407,public,customer,76,55500000,965,17371220,1500000,0,0,0,1500000,0,1254474,5143705,49127,4462,,,,
1416267994.0407,pg_catalog,pg_aggregate,0,0,14996,14996,0,0,0,0,0,0,4579,10417,9173,17626,,,,
1416267994.0407,pg_catalog,pg_pltemplate,0,0,0,0,0,0,0,0,0,0,0,0,0,0,,,,
1416267994.0407,public,supplier,118,4500000,36450652,37237474,100000,0,0,0,100000,0,42013,36582785,3545,73099836,,,,
1416267994.0407,pg_toast,pg_toast_12188,0,0,0,0,0,0,0,0,0,0,0,0,0,0,,,,
1416267994.0407,pg_catalog,pg_description,0,0,3677,0,0,0,0,0,0,0,0,0,1389,6762,0,0,0,0
1416267994.0407,pg_catalog,pg_language,0,0,0,0,0,0,0,0,0,0,0,0,0,0,,,,
1416267994.0407,pg_catalog,pg_ts_parser,0,0,0,0,0,0,0,0,0,0,0,0,0,0,,,,
1416267994.0407,pg_catalog,pg_shseclabel,0,0,0,0,0,0,0,0,0,0,0,0,0,0,,,,
1416267994.0407,pg_catalog,pg_foreign_table,0,0,0,0,0,0,0,0,0,0,0,0,0,0,,,,
1416267994.0407,information_schema,sql_packages,0,0,,,0,0,0,0,0,0,0,0,,,0,0,0,0
1416267994.0407,information_schema,sql_parts,0,0,,,0,0,0,0,0,0,0,0,,,0,0,0,0
1416267994.0407,pg_catalog,pg_attrdef,0,0,0,0,0,0,0,0,0,0,0,0,0,0,0,0,0,0
1416267994.0407,pg_catalog,pg_ts_template,0,0,0,0,0,0,0,0,0,0,0,0,0,0,,,,
1416267994.0407,pg_catalog,pg_foreign_server,0,0,0,0,0,0,0,0,0,0,0,0,0,0,,,,
1416267994.0407,public,partsupp,24,88000000,590160,113166453,8000000,0,0,0,8000000,0,4656786,26875278,574365,1508444,,,,
1416267994.0407,pg_catalog,pg_default_acl,0,0,3228,0,0,0,0,0,0,0,0,0,385,2843,,,,
1416267994.0407,pg_toast,pg_toast_12198,0,0,0,0,0,0,0,0,0,0,0,0,0,0,,,,
1416267994.0407,pg_toast,pg_toast_12208,0,0,0,0,0,0,0,0,0,0,0,0,0,0,,,,
1416267994.0407,pg_catalog,pg_attribute,3212,21316,935715,1825442,6162,210,5984,174,2425,74,93767,914984,43958,1895990,,,,
1416267994.0407,pg_catalog,pg_statistic,0,0,215833,163575,1402,3363,1336,2940,476,4,39146,134716,20852,444292,4507,16894,1869,15898
1416267994.0407,pg_toast,pg_toast_12203,0,0,0,0,0,0,0,0,0,0,0,0,0,0,,,,
1416267994.0407,pg_toast,pg_toast_2618,0,0,12270,39846,0,0,0,0,0,0,9519,11922,3694,14774,,,,
1416267994.0407,pg_toast,pg_toast_3596,0,0,0,0,0,0,0,0,0,0,0,0,0,0,,,,
1416267994.0407,pg_catalog,pg_depend,0,0,34025,36641,6272,0,6182,0,6294,776,6412,42662,11169,86108,,,,
1416267994.0407,information_schema,sql_languages,0,0,,,0,0,0,0,0,0,0,0,,,0,0,0,0
1416267994.0407,pg_catalog,pg_opclass,584,584,182610,1984702,0,0,0,0,0,0,13238,676289,25954,213772,,,,
1416267994.0407,pg_catalog,pg_proc,0,0,398925,587263,0,0,0,0,0,0,71115,387497,69444,814369,0,0,0,0
1416267994.0407,information_schema,sql_implementation_info,0,0,,,0,0,0,0,0,0,0,0,,,0,0,0,0
1416267994.0407,pg_catalog,pg_trigger,0,0,0,0,0,0,0,0,0,0,0,0,0,0,0,0,0,0
1416267994.0407,pg_catalog,pg_am,39978,39978,0,0,0,0,0,0,0,0,7769,32209,0,0,,,,
1416267994.0407,pg_catalog,pg_largeobject_metadata,0,0,0,0,0,0,0,0,0,0,0,0,0,0,,,,
1416267994.0407,pg_catalog,pg_ts_config_map,0,0,0,0,0,0,0,0,0,0,0,0,0,0,,,,
1416267994.0407,pg_catalog,pg_type,0,0,756120,750317,1592,0,1573,0,349,40,23536,733856,29460,1511770,,,,
1416267994.0407,pg_catalog,pg_shdepend,0,0,4514,836,0,0,0,0,0,0,388,448,1727,4393,,,,
1416267994.0407,information_schema,sql_sizing,0,0,,,0,0,0,0,0,0,0,0,,,0,0,0,0
1416267994.0407,public,orders,156,1170840000,46128531,135603978,15180000,0,165000,0,15015000,165000,6740616,70886223,630462,139889950,,,,
1416267994.0407,pg_catalog,pg_conversion,0,0,0,0,0,0,0,0,0,0,0,0,0,0,,,,
1416267994.0407,pg_catalog,pg_foreign_data_wrapper,0,0,0,0,0,0,0,0,0,0,0,0,0,0,,,,
1416267994.0407,pg_catalog,pg_opfamily,0,0,0,0,0,0,0,0,0,0,0,0,0,0,,,,
1416267994.0407,pg_catalog,pg_shdescription,0,0,0,0,0,0,0,0,0,0,0,0,0,0,0,0,0,0
1416267994.0407,pg_catalog,pg_tablespace,2,4,29233,29233,0,0,0,0,0,0,6155,23080,12344,46122,,,,
1416267994.0407,pg_catalog,pg_inherits,0,0,797,0,0,0,0,0,0,0,0,0,397,400,,,,
1416267994.0407,pg_toast,pg_toast_2606,0,0,0,0,0,0,0,0,0,0,0,0,0,0,,,,
1416267994.0407,pg_toast,pg_toast_2964,0,0,0,0,0,0,0,0,0,0,0,0,0,0,,,,
1416267994.0407,pg_catalog,pg_database,9164,36176,173419,173417,1,0,0,0,1,0,8146,174436,36687,221200,,,,
1416267994.0407,pg_toast,pg_toast_2620,0,0,0,0,0,0,0,0,0,0,0,0,0,0,,,,
1416267994.0407,pg_toast,pg_toast_12213,0,0,0,0,0,0,0,0,0,0,0,0,0,0,,,,
1416267994.0407,pg_catalog,pg_amproc,584,1168,142084,211243,0,0,0,0,0,0,9745,130666,26565,296807,,,,
1416267994.0407,public,time_statistics,260,40022,,,287,260,0,248,328,8,68,1383,,,,,,
1416267994.0407,pg_catalog,pg_collation,0,0,0,0,0,0,0,0,0,0,0,0,0,0,,,,
1416267994.0407,pg_catalog,pg_constraint,0,0,328,160,168,0,160,0,10,48,94,927,170,1670,0,0,0,0
1416267994.0407,pg_catalog,pg_range,0,0,5359,0,0,0,0,0,0,0,0,0,7025,3693,,,,
1416267994.0407,pg_catalog,pg_user_mapping,0,0,0,0,0,0,0,0,0,0,0,0,0,0,,,,
1416267994.0407,pg_catalog,pg_largeobject,0,0,0,0,0,0,0,0,0,0,0,0,0,0,,,,
1416267994.0407,pg_catalog,pg_namespace,6477,175408,484655,448540,28,0,0,0,28,0,6752,448336,17470,508911,,,,
1416267994.0407,pg_catalog,pg_authid,3196,3196,72689,72689,0,0,0,0,0,0,6958,68927,25858,119520,,,,
1416267994.0407,pg_toast,pg_toast_12193,0,0,0,0,0,0,0,0,0,0,0,0,0,0,,,,
1416267994.0407,pg_catalog,pg_index,14251,1678569,316199,450047,774,0,746,0,138,50,29594,445211,28243,354411,,,,
1416267994.0407,pg_catalog,pg_ts_dict,0,0,0,0,0,0,0,0,0,0,0,0,0,0,,,,
1416267994.0407,information_schema,sql_features,0,0,,,0,0,0,0,0,0,0,0,,,0,0,0,0
1416267994.0407,pg_catalog,pg_class,36832,9159929,1413954,1368645,1581,401,1543,387,326,70,72673,1655422,60526,2832459,,,,
1416267994.0407,pg_toast,pg_toast_12183,0,0,0,0,0,0,0,0,0,0,0,0,0,0,,,,
1416267994.0407,public,lineitem,203,5942445287,6197042,1024992902,60705229,0,660235,0,60044805,660235,102389748,121064340,6556623,38186337,,,,
1416267994.0407,information_schema,sql_sizing_profiles,0,0,,,0,0,0,0,0,0,0,0,,,0,0,0,0
1416267994.0407,pg_toast,pg_toast_2396,0,0,0,0,0,0,0,0,0,0,0,0,0,0,,,,
1416267994.0407,pg_catalog,pg_enum,0,0,0,0,0,0,0,0,0,0,0,0,0,0,,,,
1416267994.0407,pg_catalog,pg_db_role_setting,0,0,126819,0,0,0,0,0,0,0,0,0,7981,118838,0,0,0,0
1416267994.0407,pg_catalog,pg_seclabel,0,0,3677,0,0,0,0,0,0,0,0,0,427,3250,0,0,0,0
1416267994.0407,pg_toast,pg_toast_2609,0,0,0,0,0,0,0,0,0,0,0,0,0,0,,,,
1416267994.0407,public,nation,186,2050,36450630,36451110,25,0,0,0,25,0,10,36450704,64,36450774,,,,
1416267994.0407,pg_toast,pg_toast_1255,0,0,0,0,0,0,0,0,0,0,0,0,0,0,,,,
1416267994.0407,public,part,52,52000000,833,25044035,2000000,0,0,0,2000000,0,1492020,906304,79664,6954,,,,
1416267994.0407,pg_catalog,pg_rewrite,0,0,23784,22581,401,0,401,0,107,0,11084,14744,4753,35957,9519,11922,3694,14774
1416267994.0407,pg_catalog,pg_ts_config,0,0,0,0,0,0,0,0,0,0,0,0,0,0,,,,
1416267994.0407,pg_catalog,pg_extension,0,0,0,0,0,0,0,0,0,0,0,0,0,0,,,,
1416267994.0407,pg_catalog,pg_amop,0,0,293544,408622,0,0,0,0,0,0,20685,387937,35007,600093,,,,
1416267994.0407,pg_catalog,pg_cast,0,0,933653,258042,0,0,0,0,0,0,8940,249102,11442,957389,,,,
1416267994.0407,public,region,71031,354840,192,192,5,0,0,0,5,0,20,71142,50,214,,,,
1416267994.0407,pg_toast,pg_toast_2619,0,0,13539,41473,813,0,562,0,261,46,4507,16894,1869,15898,,,,
1416267994.0407,pg_toast,pg_toast_2604,0,0,0,0,0,0,0,0,0,0,0,0,0,0,,,,
1416268054.04094,pg_catalog,pg_auth_members,0,0,0,0,0,0,0,0,0,0,0,0,0,0,,,,
1416268054.04094,pg_catalog,pg_operator,0,0,224230,951017,0,0,0,0,0,0,60516,625008,45804,457536,,,,
1416268054.04094,public,customer,80,61500000,997,18091182,1500000,0,0,0,1500000,0,1325219,5452805,51456,4535,,,,
1416268054.04094,pg_catalog,pg_aggregate,0,0,15030,15030,0,0,0,0,0,0,4580,10450,9175,17686,,,,
1416268054.04094,pg_catalog,pg_pltemplate,0,0,0,0,0,0,0,0,0,0,0,0,0,0,,,,
1416268054.04094,public,supplier,128,5100000,36502135,37321297,100000,0,0,0,100000,0,42068,36662195,3636,73203117,,,,
1416268054.04094,pg_toast,pg_toast_12188,0,0,0,0,0,0,0,0,0,0,0,0,0,0,,,,
1416268054.04094,pg_catalog,pg_description,0,0,3681,0,0,0,0,0,0,0,0,0,1392,6768,0,0,0,0
1416268054.04094,pg_catalog,pg_language,0,0,0,0,0,0,0,0,0,0,0,0,0,0,,,,
1416268054.04094,pg_catalog,pg_ts_parser,0,0,0,0,0,0,0,0,0,0,0,0,0,0,,,,
1416268054.04094,pg_catalog,pg_shseclabel,0,0,0,0,0,0,0,0,0,0,0,0,0,0,,,,
1416268054.04094,pg_catalog,pg_foreign_table,0,0,0,0,0,0,0,0,0,0,0,0,0,0,,,,
1416268054.04094,information_schema,sql_packages,0,0,,,0,0,0,0,0,0,0,0,,,0,0,0,0
1416268054.04094,information_schema,sql_parts,0,0,,,0,0,0,0,0,0,0,0,,,0,0,0,0
1416268054.04094,pg_catalog,pg_attrdef,0,0,0,0,0,0,0,0,0,0,0,0,0,0,0,0,0,0
1416268054.04094,pg_catalog,pg_ts_template,0,0,0,0,0,0,0,0,0,0,0,0,0,0,,,,
1416268054.04094,pg_catalog,pg_foreign_server,0,0,0,0,0,0,0,0,0,0,0,0,0,0,,,,
1416268054.04094,public,partsupp,27,112000000,702779,117883027,8000000,0,0,0,8000000,0,5269424,31329272,636341,1797902,,,,
1416268054.04094,pg_catalog,pg_default_acl,0,0,3232,0,0,0,0,0,0,0,0,0,386,2846,,,,
1416268054.04094,pg_toast,pg_toast_12198,0,0,0,0,0,0,0,0,0,0,0,0,0,0,,,,
1416268054.04094,pg_toast,pg_toast_12208,0,0,0,0,0,0,0,0,0,0,0,0,0,0,,,,
1416268054.04094,pg_catalog,pg_attribute,3212,21316,937204,1828613,6170,210,5992,174,2425,82,93822,916439,43966,1899091,,,,
1416268054.04094,pg_catalog,pg_statistic,0,0,216264,163993,1403,3366,1337,2941,476,8,39198,135099,20856,445223,4658,17160,1870,16200
1416268054.04094,pg_toast,pg_toast_12203,0,0,0,0,0,0,0,0,0,0,0,0,0,0,,,,
1416268054.04094,pg_toast,pg_toast_2618,0,0,12278,39872,0,0,0,0,0,0,9529,11926,3698,14782,,,,
1416268054.04094,pg_toast,pg_toast_3596,0,0,0,0,0,0,0,0,0,0,0,0,0,0,,,,
1416268054.04094,pg_catalog,pg_depend,0,0,34056,36665,6276,0,6186,0,6294,780,6420,42690,11187,86170,,,,
1416268054.04094,information_schema,sql_languages,0,0,,,0,0,0,0,0,0,0,0,,,0,0,0,0
1416268054.04094,pg_catalog,pg_opclass,584,584,183076,1989864,0,0,0,0,0,0,13238,678131,25955,214367,,,,
1416268054.04094,pg_catalog,pg_proc,0,0,399649,588229,0,0,0,0,0,0,71182,388212,69463,816001,0,0,0,0
1416268054.04094,information_schema,sql_implementation_info,0,0,,,0,0,0,0,0,0,0,0,,,0,0,0,0
1416268054.04094,pg_catalog,pg_trigger,0,0,0,0,0,0,0,0,0,0,0,0,0,0,0,0,0,0
1416268054.04094,pg_catalog,pg_am,40077,40077,0,0,0,0,0,0,0,0,7769,32308,0,0,,,,
1416268054.04094,pg_catalog,pg_largeobject_metadata,0,0,0,0,0,0,0,0,0,0,0,0,0,0,,,,
1416268054.04094,pg_catalog,pg_ts_config_map,0,0,0,0,0,0,0,0,0,0,0,0,0,0,,,,
1416268054.04094,pg_catalog,pg_type,0,0,758281,752462,1594,0,1575,0,349,42,23541,736003,29466,1516218,,,,
1416268054.04094,pg_catalog,pg_shdepend,0,0,4519,837,0,0,0,0,0,0,389,448,1731,4396,,,,
1416268054.04094,information_schema,sql_sizing,0,0,,,0,0,0,0,0,0,0,0,,,0,0,0,0
1416268054.04094,public,orders,161,1245915000,52035688,144922609,15195000,0,180000,0,15015000,180000,7052724,78495364,653555,157765986,,,,
1416268054.04094,pg_catalog,pg_conversion,0,0,0,0,0,0,0,0,0,0,0,0,0,0,,,,
1416268054.04094,pg_catalog,pg_foreign_data_wrapper,0,0,0,0,0,0,0,0,0,0,0,0,0,0,,,,
1416268054.04094,pg_catalog,pg_opfamily,0,0,0,0,0,0,0,0,0,0,0,0,0,0,,,,
1416268054.04094,pg_catalog,pg_shdescription,0,0,0,0,0,0,0,0,0,0,0,0,0,0,0,0,0,0
1416268054.04094,pg_catalog,pg_tablespace,2,4,29299,29299,0,0,0,0,0,0,6155,23146,12344,46254,,,,
1416268054.04094,pg_catalog,pg_inherits,0,0,798,0,0,0,0,0,0,0,0,0,398,400,,,,
1416268054.04094,pg_toast,pg_toast_2606,0,0,0,0,0,0,0,0,0,0,0,0,0,0,,,,
1416268054.04094,pg_toast,pg_toast_2964,0,0,0,0,0,0,0,0,0,0,0,0,0,0,,,,
1416268054.04094,pg_catalog,pg_database,9168,36192,173754,173752,1,0,0,0,1,0,8146,174775,36687,221733,,,,
1416268054.04094,pg_toast,pg_toast_2620,0,0,0,0,0,0,0,0,0,0,0,0,0,0,,,,
1416268054.04094,pg_toast,pg_toast_12213,0,0,0,0,0,0,0,0,0,0,0,0,0,0,,,,
1416268054.04094,pg_catalog,pg_amproc,584,1168,142452,211767,0,0,0,0,0,0,9745,131016,26565,297641,,,,
1416268054.04094,public,time_statistics,289,48749,,,316,289,0,277,316,63,81,1636,,,,,,
1416268054.04094,pg_catalog,pg_collation,0,0,0,0,0,0,0,0,0,0,0,0,0,0,,,,
1416268054.04094,pg_catalog,pg_constraint,0,0,328,160,168,0,160,0,10,48,94,927,170,1670,0,0,0,0
1416268054.04094,pg_catalog,pg_range,0,0,5388,0,0,0,0,0,0,0,0,0,7031,3745,,,,
1416268054.04094,pg_catalog,pg_user_mapping,0,0,0,0,0,0,0,0,0,0,0,0,0,0,,,,
1416268054.04094,pg_catalog,pg_largeobject,0,0,0,0,0,0,0,0,0,0,0,0,0,0,,,,
1416268054.04094,pg_catalog,pg_namespace,6481,175544,485205,448993,28,0,0,0,28,0,6752,448793,17476,509555,,,,
1416268054.04094,pg_catalog,pg_authid,3198,3198,72884,72884,0,0,0,0,0,0,6958,69124,25858,119910,,,,
1416268054.04094,pg_toast,pg_toast_12193,0,0,0,0,0,0,0,0,0,0,0,0,0,0,,,,
1416268054.04094,pg_catalog,pg_index,14259,1679673,316885,451031,775,0,747,0,138,51,29597,446205,28243,355236,,,,
1416268054.04094,pg_catalog,pg_ts_dict,0,0,0,0,0,0,0,0,0,0,0,0,0,0,,,,
1416268054.04094,information_schema,sql_features,0,0,,,0,0,0,0,0,0,0,0,,,0,0,0,0
1416268054.04094,pg_catalog,pg_class,36850,9165228,1415884,1370418,1583,401,1545,387,326,72,72678,1657382,60528,2836522,,,,
1416268054.04094,pg_toast,pg_toast_12183,0,0,0,0,0,0,0,0,0,0,0,0,0,0,,,,
1416268054.04094,public,lineitem,215,6662984361,9288528,1084274133,60765674,0,720377,0,60045108,720377,113012248,135503850,8024067,50702862,,,,
1416268054.04094,information_schema,sql_sizing_profiles,0,0,,,0,0,0,0,0,0,0,0,,,0,0,0,0
1416268054.04094,pg_toast,pg_toast_2396,0,0,0,0,0,0,0,0,0,0,0,0,0,0,,,,
1416268054.04094,pg_catalog,pg_enum,0,0,0,0,0,0,0,0,0,0,0,0,0,0,,,,
1416268054.04094,pg_catalog,pg_db_role_setting,0,0,127116,0,0,0,0,0,0,0,0,0,7981,119135,0,0,0,0
1416268054.04094,pg_catalog,pg_seclabel,0,0,3681,0,0,0,0,0,0,0,0,0,428,3253,0,0,0,0
1416268054.04094,pg_toast,pg_toast_2609,0,0,0,0,0,0,0,0,0,0,0,0,0,0,,,,
1416268054.04094,public,nation,201,2425,36502100,36502628,25,0,0,0,25,0,11,36502188,69,36502253,,,,
1416268054.04094,pg_toast,pg_toast_1255,0,0,0,0,0,0,0,0,0,0,0,0,0,0,,,,
1416268054.04094,public,part,53,54000000,932,30079292,2000000,0,0,0,2000000,0,1661022,1045263,91378,14754,,,,
1416268054.04094,pg_catalog,pg_rewrite,0,0,23798,22595,401,0,401,0,107,0,11094,14748,4757,35977,9529,11926,3698,14782
1416268054.04094,pg_catalog,pg_ts_config,0,0,0,0,0,0,0,0,0,0,0,0,0,0,,,,
1416268054.04094,pg_catalog,pg_extension,0,0,0,0,0,0,0,0,0,0,0,0,0,0,,,,
1416268054.04094,pg_catalog,pg_amop,0,0,294244,409668,0,0,0,0,0,0,20686,388982,35010,601591,,,,
1416268054.04094,pg_catalog,pg_cast,0,0,936566,258722,0,0,0,0,0,0,8941,249781,11442,960398,,,,
1416268054.04094,public,region,83889,419120,202,202,5,0,0,0,5,0,21,84007,53,224,,,,
1416268054.04094,pg_toast,pg_toast_2619,0,0,13807,42434,815,0,564,0,261,48,4658,17160,1870,16200,,,,
1416268054.04094,pg_toast,pg_toast_2604,0,0,0,0,0,0,0,0,0,0,0,0,0,0,,,,
1416268114.04214,pg_catalog,pg_auth_members,0,0,0,0,0,0,0,0,0,0,0,0,0,0,,,,
1416268114.04214,pg_catalog,pg_operator,0,0,224731,954221,0,0,0,0,0,0,60522,627209,45809,458645,,,,
1416268114.04214,public,customer,83,66000000,1041,19384103,1500000,0,0,0,1500000,0,1505509,5687626,55395,4602,,,,
1416268114.04214,pg_catalog,pg_aggregate,0,0,15061,15061,0,0,0,0,0,0,4581,10480,9179,17736,,,,
1416268114.04214,pg_catalog,pg_pltemplate,0,0,0,0,0,0,0,0,0,0,0,0,0,0,,,,
1416268114.04214,public,supplier,129,5200000,39790353,40692544,100000,0,0,0,100000,0,44244,39952496,3913,79797551,,,,
1416268114.04214,pg_toast,pg_toast_12188,0,0,0,0,0,0,0,0,0,0,0,0,0,0,,,,
1416268114.04214,pg_catalog,pg_description,0,0,3689,0,0,0,0,0,0,0,0,0,1398,6780,0,0,0,0
1416268114.04214,pg_catalog,pg_language,0,0,0,0,0,0,0,0,0,0,0,0,0,0,,,,
1416268114.04214,pg_catalog,pg_ts_parser,0,0,0,0,0,0,0,0,0,0,0,0,0,0,,,,
1416268114.04214,pg_catalog,pg_shseclabel,0,0,0,0,0,0,0,0,0,0,0,0,0,0,,,,
1416268114.04214,pg_catalog,pg_foreign_table,0,0,0,0,0,0,0,0,0,0,0,0,0,0,,,,
1416268114.04214,information_schema,sql_packages,0,0,,,0,0,0,0,0,0,0,0,,,0,0,0,0
1416268114.04214,information_schema,sql_parts,0,0,,,0,0,0,0,0,0,0,0,,,0,0,0,0
1416268114.04214,pg_catalog,pg_attrdef,0,0,0,0,0,0,0,0,0,0,0,0,0,0,0,0,0,0
1416268114.04214,pg_catalog,pg_ts_template,0,0,0,0,0,0,0,0,0,0,0,0,0,0,,,,
1416268114.04214,pg_catalog,pg_foreign_server,0,0,0,0,0,0,0,0,0,0,0,0,0,0,,,,
1416268114.04214,public,partsupp,28,120000000,702798,125883042,8000000,0,0,0,8000000,0,5498011,31684010,655107,1801053,,,,
1416268114.04214,pg_catalog,pg_default_acl,0,0,3240,0,0,0,0,0,0,0,0,0,388,2852,,,,
1416268114.04214,pg_toast,pg_toast_12198,0,0,0,0,0,0,0,0,0,0,0,0,0,0,,,,
1416268114.04214,pg_toast,pg_toast_12208,0,0,0,0,0,0,0,0,0,0,0,0,0,0,,,,
1416268114.04214,pg_catalog,pg_attribute,3223,21389,938504,1831488,6180,210,6002,174,2425,92,93888,917854,43978,1901797,,,,
1416268114.04214,pg_catalog,pg_statistic,0,0,216610,164325,1404,3396,1338,2971,476,35,39240,135429,20861,445969,4764,17358,1870,16436
1416268114.04214,pg_toast,pg_toast_12203,0,0,0,0,0,0,0,0,0,0,0,0,0,0,,,,
1416268114.04214,pg_toast,pg_toast_2618,0,0,12286,39898,0,0,0,0,0,0,9539,11930,3702,14790,,,,
1416268114.04214,pg_toast,pg_toast_3596,0,0,0,0,0,0,0,0,0,0,0,0,0,0,,,,
1416268114.04214,pg_catalog,pg_depend,0,0,34131,36741,6289,0,6199,0,6294,793,6447,42764,11232,86331,,,,
1416268114.04214,information_schema,sql_languages,0,0,,,0,0,0,0,0,0,0,0,,,0,0,0,0
1416268114.04214,pg_catalog,pg_opclass,586,586,183419,1993247,0,0,0,0,0,0,13238,679318,25957,214807,,,,
1416268114.04214,pg_catalog,pg_proc,0,0,400291,589121,0,0,0,0,0,0,71253,388843,69490,817423,0,0,0,0
1416268114.04214,information_schema,sql_implementation_info,0,0,,,0,0,0,0,0,0,0,0,,,0,0,0,0
1416268114.04214,pg_catalog,pg_trigger,0,0,0,0,0,0,0,0,0,0,0,0,0,0,0,0,0,0
1416268114.04214,pg_catalog,pg_am,40153,40153,0,0,0,0,0,0,0,0,7769,32384,0,0,,,,
1416268114.04214,pg_catalog,pg_largeobject_metadata,0,0,0,0,0,0,0,0,0,0,0,0,0,0,,,,
1416268114.04214,pg_catalog,pg_ts_config_map,0,0,0,0,0,0,0,0,0,0,0,0,0,0,,,,
1416268114.04214,pg_catalog,pg_type,0,0,760221,754387,1598,0,1579,0,349,46,23559,737935,29493,1520191,,,,
1416268114.04214,pg_catalog,pg_shdepend,0,0,4529,839,0,0,0,0,0,0,391,448,1739,4402,,,,
1416268114.04214,information_schema,sql_sizing,0,0,,,0,0,0,0,0,0,0,0,,,0,0,0,0
1416268114.04214,public,orders,169,1365990000,55299847,153892085,15195000,0,195000,0,15000000,195000,7633346,83965012,670710,167575615,,,,
1416268114.04214,pg_catalog,pg_conversion,0,0,0,0,0,0,0,0,0,0,0,0,0,0,,,,
1416268114.04214,pg_catalog,pg_foreign_data_wrapper,0,0,0,0,0,0,0,0,0,0,0,0,0,0,,,,
1416268114.04214,pg_catalog,pg_opfamily,0,0,0,0,0,0,0,0,0,0,0,0,0,0,,,,
1416268114.04214,pg_catalog,pg_shdescription,0,0,0,0,0,0,0,0,0,0,0,0,0,0,0,0,0,0
1416268114.04214,pg_catalog,pg_tablespace,2,4,29355,29355,0,0,0,0,0,0,6155,23202,12344,46366,,,,
1416268114.04214,pg_catalog,pg_inherits,0,0,800,0,0,0,0,0,0,0,0,0,400,400,,,,
1416268114.04214,pg_toast,pg_toast_2606,0,0,0,0,0,0,0,0,0,0,0,0,0,0,,,,
1416268114.04214,pg_toast,pg_toast_2964,0,0,0,0,0,0,0,0,0,0,0,0,0,0,,,,
1416268114.04214,pg_catalog,pg_database,9172,36208,174018,174016,1,0,0,0,1,0,8146,175043,36687,222149,,,,
1416268114.04214,pg_toast,pg_toast_2620,0,0,0,0,0,0,0,0,0,0,0,0,0,0,,,,
1416268114.04214,pg_toast,pg_toast_12213,0,0,0,0,0,0,0,0,0,0,0,0,0,0,,,,
1416268114.04214,pg_catalog,pg_amproc,586,1172,142742,212192,0,0,0,0,0,0,9747,131297,26565,298296,,,,
1416268114.04214,public,time_statistics,313,56569,,,336,313,0,301,336,87,92,1825,,,,,,
1416268114.04214,pg_catalog,pg_collation,0,0,0,0,0,0,0,0,0,0,0,0,0,0,,,,
1416268114.04214,pg_catalog,pg_constraint,0,0,328,160,168,0,160,0,10,48,94,927,170,1670,0,0,0,0
1416268114.04214,pg_catalog,pg_range,0,0,5413,0,0,0,0,0,0,0,0,0,7035,3791,,,,
1416268114.04214,pg_catalog,pg_user_mapping,0,0,0,0,0,0,0,0,0,0,0,0,0,0,,,,
1416268114.04214,pg_catalog,pg_largeobject,0,0,0,0,0,0,0,0,0,0,0,0,0,0,,,,
1416268114.04214,pg_catalog,pg_namespace,6485,175680,485706,449418,28,0,0,0,28,0,6752,449222,17483,510129,,,,
1416268114.04214,pg_catalog,pg_authid,3200,3200,73033,73033,0,0,0,0,0,0,6958,69275,25858,120208,,,,
1416268114.04214,pg_toast,pg_toast_12193,0,0,0,0,0,0,0,0,0,0,0,0,0,0,,,,
1416268114.04214,pg_catalog,pg_index,14274,1680784,317477,451876,776,0,748,0,138,52,29600,447069,28243,355938,,,,
1416268114.04214,pg_catalog,pg_ts_dict,0,0,0,0,0,0,0,0,0,0,0,0,0,0,,,,
1416268114.04214,information_schema,sql_features,0,0,,,0,0,0,0,0,0,0,0,,,0,0,0,0
1416268114.04214,pg_catalog,pg_class,36879,9170538,1417566,1371990,1586,402,1548,388,326,76,72688,1659181,60530,2840049,,,,
1416268114.04214,pg_toast,pg_toast_12183,0,0,0,0,0,0,0,0,0,0,0,0,0,0,,,,
1416268114.04214,public,lineitem,219,6903164821,9343955,1195187328,60765674,0,780136,0,59985349,780136,120349514,143194817,8373020,50890148,,,,
1416268114.04214,information_schema,sql_sizing_profiles,0,0,,,0,0,0,0,0,0,0,0,,,0,0,0,0
1416268114.04214,pg_toast,pg_toast_2396,0,0,0,0,0,0,0,0,0,0,0,0,0,0,,,,
1416268114.04214,pg_catalog,pg_enum,0,0,0,0,0,0,0,0,0,0,0,0,0,0,,,,
1416268114.04214,pg_catalog,pg_db_role_setting,0,0,127344,0,0,0,0,0,0,0,0,0,7981,119363,0,0,0,0
1416268114.04214,pg_catalog,pg_seclabel,0,0,3689,0,0,0,0,0,0,0,0,0,430,3259,0,0,0,0
1416268114.04214,pg_toast,pg_toast_2609,0,0,0,0,0,0,0,0,0,0,0,0,0,0,,,,
1416268114.04214,public,nation,204,2500,39790319,39790871,25,0,0,0,25,0,11,39790410,71,39790474,,,,
1416268114.04214,pg_toast,pg_toast_1255,0,0,0,0,0,0,0,0,0,0,0,0,0,0,,,,
1416268114.04214,public,part,57,62000000,993,30433086,2000000,0,0,0,2000000,0,1865675,1073161,94787,16056,,,,
1416268114.04214,pg_catalog,pg_rewrite,0,0,23818,22612,402,0,402,0,107,1,11109,14756,4765,36003,9539,11930,3702,14790
1416268114.04214,pg_catalog,pg_ts_config,0,0,0,0,0,0,0,0,0,0,0,0,0,0,,,,
1416268114.04214,pg_catalog,pg_extension,0,0,0,0,0,0,0,0,0,0,0,0,0,0,,,,
1416268114.04214,pg_catalog,pg_amop,0,0,294771,410474,0,0,0,0,0,0,20688,389786,35013,602728,,,,
1416268114.04214,pg_catalog,pg_cast,0,0,939055,259270,0,0,0,0,0,0,8942,250328,11442,962964,,,,
1416268114.04214,public,region,83890,419125,204,204,5,0,0,0,5,0,22,84009,55,225,,,,
1416268114.04214,pg_toast,pg_toast_2619,0,0,14010,43097,819,0,568,0,261,52,4764,17358,1870,16436,,,,
1416268114.04214,pg_toast,pg_toast_2604,0,0,0,0,0,0,0,0,0,0,0,0,0,0,,,,
